Date,Symbol,Result Close,MMA_10,Avg Profit Ratio,End Balance,End Cash,Balance,Restart Asset,Restart Balance,Cash
2014-12-31,"['SPY', 'IWM', 'MTUM', 'EFA', 'TLT', 'IEF', 'LQD', 'DBC', 'VNQ', 'GLD']","[205.54, 119.62, 68.06, 60.84, 125.92, 105.99, 119.41, 18.45, 81.0, 113.58]","[196.89, 115.0, 64.17, 65.95, 116.48, 104.05, 119.01, 23.99, 75.76, 119.81]","[4.96, 4.07, 6.19, -7.59, 11.41, 2.81, 1.29, -22.22, 11.74, -3.61]",,,10000,"['VNQ', 'TLT', 'MTUM']","[3333, 3333, 3333]",1.0
2015-01-30,"['SPY', 'IWM', 'MTUM', 'EFA', 'TLT', 'IEF', 'LQD', 'DBC', 'VNQ', 'GLD']","[199.45, 115.7, 67.59, 61.22, 138.28, 110.55, 123.89, 17.4, 86.55, 123.45]","[198.14, 114.93, 64.9, 65.35, 119.4, 104.93, 119.71, 23.12, 77.35, 119.79]","[2.79, 0.8, 6.1, -3.87, 18.7, 6.21, 4.64, -22.27, 15.14, 5.28]","[3561, 3660, 3309]",1.0,10531.0,"['TLT', 'VNQ', 'IEF']","[3510, 3510, 3510]",1.0
2015-02-27,"['SPY', 'IWM', 'MTUM', 'EFA', 'TLT', 'IEF', 'LQD', 'DBC', 'VNQ', 'GLD']","[210.66, 122.58, 71.26, 65.1, 129.53, 107.64, 121.8, 18.17, 83.37, 116.16]","[200.37, 115.99, 66.05, 65.03, 121.24, 105.46, 120.07, 22.29, 78.39, 118.99]","[6.33, 5.12, 7.91, 0.52, 6.88, 1.6, 1.14, -16.12, 6.43, -4.38]","[3287, 3381, 3417]",1.0,10086.0,"['MTUM', 'TLT', 'VNQ']","[3362, 3362, 3362]",0.0
2015-03-31,"['SPY', 'IWM', 'MTUM', 'EFA', 'TLT', 'IEF', 'LQD', 'DBC', 'VNQ', 'GLD']","[206.43, 124.37, 70.3, 64.17, 130.69, 108.39, 121.71, 17.07, 84.31, 113.66]","[201.75, 117.14, 66.86, 64.51, 122.9, 105.9, 120.29, 21.4, 79.36, 118.31]","[3.4, 6.52, 6.71, -0.1, 9.22, 3.53, 2.22, -18.67, 10.49, -3.08]","[3316, 3392, 3399]",0.0,10107.0,"['VNQ', 'TLT', 'MTUM']","[3369, 3369, 3369]",0.0
2015-04-30,"['SPY', 'IWM', 'MTUM', 'EFA', 'TLT', 'IEF', 'LQD', 'DBC', 'VNQ', 'GLD']","[208.46, 121.18, 69.57, 66.51, 125.95, 107.53, 119.94, 18.29, 79.38, 113.47]","[203.02, 117.38, 67.49, 64.32, 124.14, 106.3, 120.35, 20.57, 79.81, 116.86]","[4.89, 3.59, 5.79, 3.41, 1.61, 0.99, -0.65, -9.14, -1.2, -4.04]","[3171, 3246, 3334]",0.0,9751.0,"['MTUM', 'SPY', 'IWM']","[3250, 3250, 3250]",1.0
2015-05-29,"['SPY', 'IWM', 'MTUM', 'EFA', 'TLT', 'IEF', 'LQD', 'DBC', 'VNQ', 'GLD']","[211.14, 123.89, 71.91, 66.64, 122.71, 106.92, 118.27, 17.71, 79.14, 114.1]","[204.83, 118.65, 68.43, 64.33, 125.01, 106.67, 120.33, 19.81, 80.23, 115.93]","[3.25, 4.81, 6.1, 0.68, -0.03, 0.57, -1.73, -12.73, -0.3, -1.17]","[3359, 3291, 3322]",1.0,9973.0,"['MTUM', 'IWM', 'SPY']","[3324, 3324, 3324]",1.0
2015-06-30,"['SPY', 'IWM', 'MTUM', 'EFA', 'TLT', 'IEF', 'LQD', 'DBC', 'VNQ', 'GLD']","[205.85, 124.86, 71.44, 63.49, 117.46, 105.01, 115.72, 18.0, 74.69, 112.37]","[205.34, 119.48, 69.02, 64.0, 124.85, 106.69, 119.84, 19.1, 79.98, 114.78]","[0.63, 2.66, 4.72, -2.14, -4.41, -1.11, -3.29, -6.91, -6.25, -3.99]","[3302, 3350, 3240]",1.0,9893.0,"['MTUM', 'IWM', 'SPY']","[3297, 3297, 3297]",2.0
2015-07-31,"['SPY', 'IWM', 'MTUM', 'EFA', 'TLT', 'IEF', 'LQD', 'DBC', 'VNQ', 'GLD']","[210.5, 122.96, 74.15, 64.78, 122.53, 106.44, 116.35, 15.73, 79.0, 104.93]","[206.69, 120.84, 69.95, 64.07, 125.48, 106.97, 119.65, 18.36, 80.7, 113.65]","[4.45, 4.2, 9.63, 0.63, -0.57, -0.05, -2.6, -18.52, 0.51, -11.03]","[3422, 3246, 3371]",2.0,10041.0,"['MTUM', 'SPY', 'IWM']","[3347, 3347, 3347]",0.0
2015-08-31,"['SPY', 'IWM', 'MTUM', 'EFA', 'TLT', 'IEF', 'LQD', 'DBC', 'VNQ', 'GLD']","[197.67, 115.2, 69.7, 59.97, 121.42, 106.36, 115.06, 15.69, 74.03, 108.82]","[206.29, 120.71, 70.28, 63.67, 125.7, 107.1, 119.22, 17.69, 80.2, 113.27]","[-5.04, -5.13, -1.2, -8.85, -1.56, -0.1, -3.48, -15.66, -7.01, -4.85]","[3146, 3142, 3135]",0.0,9423.0,[],[],9423.0
2015-09-30,"['SPY', 'IWM', 'MTUM', 'EFA', 'TLT', 'IEF', 'LQD', 'DBC', 'VNQ', 'GLD']","[191.63, 109.2, 68.21, 57.32, 123.54, 107.87, 116.09, 15.15, 75.54, 106.86]","[204.73, 119.96, 70.22, 63.0, 125.8, 107.27, 118.82, 17.17, 79.7, 112.74]","[-4.97, -7.52, -1.12, -8.86, 1.93, 1.94, -1.3, -16.32, -0.52, -5.18]",[],9423.0,9423.0,['IEF'],[3141],6282.0
2015-10-30,"['SPY', 'IWM', 'MTUM', 'EFA', 'TLT', 'IEF', 'LQD', 'DBC', 'VNQ', 'GLD']","[207.93, 115.34, 73.2, 61.11, 122.78, 107.02, 116.42, 15.2, 79.89, 109.3]","[204.97, 119.53, 70.73, 63.03, 125.49, 107.37, 118.52, 16.84, 79.59, 112.31]","[2.54, -1.61, 5.39, -2.9, 0.01, 0.29, -1.26, -12.96, 2.17, -0.05]",[3116],6282.0,9398.0,"['MTUM', 'SPY', 'VNQ']","[3132, 3132, 3132]",2.0
2015-11-30,"['SPY', 'IWM', 'MTUM', 'EFA', 'TLT', 'IEF', 'LQD', 'DBC', 'VNQ', 'GLD']","[208.69, 119.1, 73.59, 60.65, 121.45, 106.4, 115.91, 14.19, 79.39, 101.92]","[205.9, 119.87, 71.33, 62.97, 123.81, 106.96, 117.73, 16.52, 78.87, 110.16]","[1.38, 1.21, 3.83, -3.46, -0.73, -0.21, -1.29, -16.65, 1.37, -8.21]","[3148, 3143, 3112]",2.0,9405.0,"['MTUM', 'SPY', 'VNQ']","[3135, 3135, 3135]",0.0
2015-12-31,"['SPY', 'IWM', 'MTUM', 'EFA', 'TLT', 'IEF', 'LQD', 'DBC', 'VNQ', 'GLD']","[203.87, 112.62, 73.29, 58.72, 120.58, 105.59, 114.01, 13.36, 79.73, 101.46]","[205.22, 118.87, 71.54, 62.34, 122.91, 106.75, 116.95, 16.04, 78.51, 108.69]","[0.58, -4.49, 4.33, -2.93, -1.18, -0.68, -2.36, -17.76, 2.79, -6.47]","[3122, 3062, 3148]",0.0,9332.0,"['MTUM', 'VNQ']","[3110, 3110]",3112.0
2016-01-29,"['SPY', 'IWM', 'MTUM', 'EFA', 'TLT', 'IEF', 'LQD', 'DBC', 'VNQ', 'GLD']","[193.72, 102.96, 70.5, 55.48, 127.3, 109.11, 114.15, 12.78, 76.99, 106.95]","[203.95, 116.73, 71.56, 61.47, 122.57, 106.83, 116.19, 15.61, 77.78, 108.02]","[-5.66, -11.65, -2.03, -9.62, 1.3, 1.62, -2.9, -16.39, -5.17, -2.04]","[2991, 3003]",3112.0,9106.0,"['IEF', 'TLT']","[3035, 3035]",3036.0
2016-02-29,"['SPY', 'IWM', 'MTUM', 'EFA', 'TLT', 'IEF', 'LQD', 'DBC', 'VNQ', 'GLD']","[193.56, 102.73, 69.6, 53.63, 130.98, 110.57, 115.01, 12.75, 76.71, 118.64]","[202.46, 114.89, 71.56, 60.18, 123.07, 107.13, 115.7, 15.06, 77.51, 108.53]","[-4.38, -10.24, -2.29, -10.77, 4.93, 2.98, -1.41, -14.74, -2.03, 9.62]","[3075, 3122]",3036.0,9233.0,"['GLD', 'TLT', 'IEF']","[3077, 3077, 3077]",2.0
2016-03-31,"['SPY', 'IWM', 'MTUM', 'EFA', 'TLT', 'IEF', 'LQD', 'DBC', 'VNQ', 'GLD']","[205.52, 110.63, 73.1, 57.16, 130.61, 110.34, 118.82, 13.29, 83.8, 117.64]","[201.89, 113.56, 71.68, 59.23, 123.86, 107.47, 115.75, 14.61, 77.98, 108.89]","[3.45, -0.96, 3.98, -1.82, 3.43, 2.1, 1.88, -7.67, 6.17, 7.17]","[3051, 3068, 3070]",2.0,9191.0,"['GLD', 'VNQ', 'MTUM']","[3063, 3063, 3063]",2.0
2016-04-29,"['SPY', 'IWM', 'MTUM', 'EFA', 'TLT', 'IEF', 'LQD', 'DBC', 'VNQ', 'GLD']","[206.33, 112.48, 72.64, 58.43, 129.38, 110.0, 120.33, 14.58, 81.83, 123.65]","[201.94, 112.32, 71.8, 58.73, 125.06, 107.97, 116.22, 14.27, 78.69, 110.02]","[1.28, 0.31, 1.51, -2.25, 2.2, 1.4, 2.59, -0.14, 2.37, 10.71]","[3219, 2990, 3043]",2.0,9254.0,"['GLD', 'LQD', 'VNQ']","[3084, 3084, 3084]",2.0
2016-05-31,"['SPY', 'IWM', 'MTUM', 'EFA', 'TLT', 'IEF', 'LQD', 'DBC', 'VNQ', 'GLD']","[209.84, 115.0, 74.42, 58.38, 130.16, 109.73, 119.39, 14.71, 83.67, 116.06]","[201.88, 111.53, 71.82, 58.09, 125.82, 108.3, 116.52, 14.17, 79.16, 111.13]","[2.51, 0.89, 3.5, -1.84, 3.3, 1.19, 1.75, 0.74, 5.61, 1.82]","[2894, 3059, 3153]",2.0,9108.0,"['VNQ', 'MTUM', 'TLT']","[3036, 3036, 3036]",0.0
2016-06-30,"['SPY', 'IWM', 'MTUM', 'EFA', 'TLT', 'IEF', 'LQD', 'DBC', 'VNQ', 'GLD']","[209.48, 114.98, 76.4, 55.82, 138.9, 112.95, 122.74, 15.35, 88.67, 126.47]","[203.06, 111.5, 72.49, 57.67, 127.57, 108.96, 117.29, 14.14, 80.62, 112.89]","[1.57, -0.48, 4.59, -5.94, 11.62, 4.96, 4.96, 5.01, 10.43, 13.42]","[3217, 3116, 3239]",0.0,9572.0,"['GLD', 'TLT', 'VNQ']","[3190, 3190, 3190]",2.0
2016-07-29,"['SPY', 'IWM', 'MTUM', 'EFA', 'TLT', 'IEF', 'LQD', 'DBC', 'VNQ', 'GLD']","[217.12, 121.07, 78.45, 58.04, 141.56, 113.07, 123.99, 14.28, 92.45, 128.98]","[205.61, 112.69, 73.52, 57.74, 129.37, 109.48, 118.08, 14.05, 82.31, 115.11]","[6.03, 7.25, 6.94, -0.62, 9.52, 3.19, 4.81, -1.63, 13.59, 12.45]","[3253, 3251, 3325]",2.0,9831.0,"['VNQ', 'GLD', 'TLT']","[3277, 3277, 3277]",0.0
2016-08-31,"['SPY', 'IWM', 'MTUM', 'EFA', 'TLT', 'IEF', 'LQD', 'DBC', 'VNQ', 'GLD']","[217.38, 123.23, 77.28, 58.35, 139.87, 111.77, 123.89, 14.39, 88.97, 124.78]","[206.55, 113.48, 73.93, 57.47, 131.08, 109.95, 118.82, 13.97, 83.22, 116.65]","[6.5, 8.97, 6.06, 1.65, 7.06, 1.72, 4.77, 0.79, 9.68, 6.03]","[3153, 3170, 3237]",0.0,9560.0,"['VNQ', 'IWM', 'TLT']","[3186, 3186, 3186]",2.0
2016-09-30,"['SPY', 'IWM', 'MTUM', 'EFA', 'TLT', 'IEF', 'LQD', 'DBC', 'VNQ', 'GLD']","[216.3, 124.21, 77.37, 59.13, 137.51, 111.88, 123.18, 15.01, 86.74, 125.64]","[207.31, 113.99, 74.3, 57.31, 132.68, 110.5, 119.55, 14.05, 83.96, 119.03]","[5.22, 8.71, 5.17, 3.47, 3.48, 1.07, 2.39, 3.53, 3.41, 6.1]","[3106, 3211, 3132]",2.0,9451.0,"['IWM', 'GLD', 'SPY']","[3150, 3150, 3150]",1.0
2016-10-31,"['SPY', 'IWM', 'MTUM', 'EFA', 'TLT', 'IEF', 'LQD', 'DBC', 'VNQ', 'GLD']","[212.55, 118.5, 75.87, 57.82, 131.25, 110.06, 120.98, 14.96, 81.76, 121.94]","[208.18, 114.58, 74.56, 57.22, 133.75, 110.95, 120.25, 14.21, 84.16, 121.07]","[0.35, 0.34, 0.72, -2.25, -0.87, -0.35, 0.06, 1.36, -3.76, 0.44]","[3005, 3057, 3095]",1.0,9158.0,"['DBC', 'MTUM', 'GLD']","[3052, 3052, 3052]",2.0
2016-11-30,"['SPY', 'IWM', 'MTUM', 'EFA', 'TLT', 'IEF', 'LQD', 'DBC', 'VNQ', 'GLD']","[220.38, 131.61, 75.42, 56.79, 120.24, 105.26, 116.84, 15.21, 80.39, 111.75]","[210.85, 117.44, 75.05, 57.36, 133.05, 110.56, 120.52, 14.45, 84.5, 121.55]","[3.92, 10.7, 0.21, -3.38, -7.76, -3.83, -2.61, 4.49, -3.5, -3.22]","[3103, 3033, 2796]",2.0,8934.0,"['IWM', 'DBC', 'SPY']","[2978, 2978, 2978]",0.0
2016-12-30,"['SPY', 'IWM', 'MTUM', 'EFA', 'TLT', 'IEF', 'LQD', 'DBC', 'VNQ', 'GLD']","[223.53, 134.85, 75.86, 57.73, 119.13, 104.82, 117.18, 15.84, 82.53, 109.61]","[213.84, 120.66, 75.68, 57.77, 131.86, 109.99, 120.73, 14.76, 85.08, 120.65]","[5.28, 12.01, 0.36, 0.26, -7.43, -3.67, -1.58, 7.85, -1.4, -4.99]","[3051, 3101, 3020]",0.0,9172.0,"['IWM', 'DBC', 'SPY']","[3057, 3057, 3057]",1.0
2017-01-31,"['SPY', 'IWM', 'MTUM', 'EFA', 'TLT', 'IEF', 'LQD', 'DBC', 'VNQ', 'GLD']","[227.53, 135.23, 78.25, 59.63, 120.1, 105.05, 117.35, 15.75, 82.37, 115.55]","[216.04, 123.12, 76.2, 58.01, 130.81, 109.46, 120.59, 15.01, 84.94, 120.44]","[7.77, 14.36, 4.26, 4.16, -7.13, -3.79, -1.35, 9.56, -0.84, -0.55]","[3065, 3039, 3111]",1.0,9216.0,"['IWM', 'DBC', 'SPY']","[3072, 3072, 3072]",0.0
2017-02-28,"['SPY', 'IWM', 'MTUM', 'EFA', 'TLT', 'IEF', 'LQD', 'DBC', 'VNQ', 'GLD']","[236.47, 137.84, 81.22, 60.34, 121.74, 105.65, 118.58, 15.72, 85.26, 119.23]","[219.06, 125.65, 77.05, 58.2, 130.05, 109.02, 120.41, 15.12, 85.28, 120.0]","[10.54, 13.18, 8.32, 5.84, -4.35, -2.25, 0.34, 8.92, 4.14, 1.48]","[3131, 3066, 3192]",0.0,9389.0,"['IWM', 'SPY', 'DBC']","[3129, 3129, 3129]",2.0
2017-03-31,"['SPY', 'IWM', 'MTUM', 'EFA', 'TLT', 'IEF', 'LQD', 'DBC', 'VNQ', 'GLD']","[235.74, 137.48, 82.65, 62.29, 120.71, 105.59, 117.91, 15.21, 82.59, 118.72]","[221.65, 127.9, 77.88, 58.59, 129.1, 108.61, 120.26, 15.17, 85.17, 120.27]","[7.21, 9.16, 7.65, 6.36, -4.83, -2.31, -1.25, 2.14, -2.32, 0.82]","[3120, 3119, 3027]",2.0,9268.0,"['IWM', 'MTUM', 'SPY']","[3089, 3089, 3089]",1.0
2017-04-28,"['SPY', 'IWM', 'MTUM', 'EFA', 'TLT', 'IEF', 'LQD', 'DBC', 'VNQ', 'GLD']","[238.08, 139.06, 84.78, 63.8, 122.35, 106.6, 118.99, 14.8, 82.79, 120.77]","[224.51, 130.31, 78.72, 59.39, 127.45, 107.97, 119.89, 15.12, 84.58, 119.7]","[8.26, 11.24, 9.85, 7.23, -2.25, -0.95, -0.11, -2.07, 0.79, 0.74]","[3124, 3168, 3119]",1.0,9412.0,"['IWM', 'MTUM', 'SPY']","[3137, 3137, 3137]",1.0
2017-05-31,"['SPY', 'IWM', 'MTUM', 'EFA', 'TLT', 'IEF', 'LQD', 'DBC', 'VNQ', 'GLD']","[241.44, 136.32, 88.82, 66.06, 124.4, 107.32, 120.25, 14.59, 82.19, 120.62]","[226.94, 131.83, 79.75, 60.19, 125.73, 107.4, 119.52, 15.15, 83.56, 118.86]","[7.03, 4.76, 12.81, 10.62, 0.72, 0.51, 1.53, -3.38, -0.96, 3.23]","[3075, 3286, 3181]",1.0,9543.0,"['MTUM', 'EFA', 'SPY']","[3181, 3181, 3181]",0.0
2017-06-30,"['SPY', 'IWM', 'MTUM', 'EFA', 'TLT', 'IEF', 'LQD', 'DBC', 'VNQ', 'GLD']","[241.8, 140.92, 88.89, 65.2, 125.12, 106.61, 120.51, 14.45, 83.23, 118.02]","[229.38, 133.6, 80.91, 60.88, 124.25, 106.88, 119.18, 15.15, 82.99, 118.19]","[6.58, 8.23, 10.29, 8.28, -0.17, -0.9, 0.86, -5.15, -0.81, -0.44]","[3183, 3139, 3185]",0.0,9507.0,"['MTUM', 'EFA', 'IWM']","[3169, 3169, 3169]",0.0
2017-07-31,"['SPY', 'IWM', 'MTUM', 'EFA', 'TLT', 'IEF', 'LQD', 'DBC', 'VNQ', 'GLD']","[246.77, 141.51, 91.98, 66.93, 124.04, 106.85, 121.11, 15.04, 84.26, 120.75]","[232.43, 135.33, 82.37, 61.66, 122.91, 106.38, 118.97, 15.16, 82.74, 117.7]","[6.96, 5.92, 11.69, 8.78, -2.15, -0.83, 0.79, 1.63, -0.89, 0.1]","[3279, 3253, 3182]",0.0,9714.0,"['MTUM', 'EFA', 'SPY']","[3238, 3238, 3238]",0.0
2017-08-31,"['SPY', 'IWM', 'MTUM', 'EFA', 'TLT', 'IEF', 'LQD', 'DBC', 'VNQ', 'GLD']","[247.49, 139.73, 93.33, 66.9, 127.99, 108.24, 121.61, 15.1, 84.04, 125.82]","[235.92, 137.45, 84.12, 62.57, 122.58, 106.2, 119.03, 15.17, 82.97, 118.08]","[5.33, 4.0, 10.56, 6.69, 0.68, 0.36, 0.56, 1.22, -1.25, 3.72]","[3285, 3236, 3247]",0.0,9768.0,"['MTUM', 'EFA', 'SPY']","[3256, 3256, 3256]",0.0
2017-09-29,"['SPY', 'IWM', 'MTUM', 'EFA', 'TLT', 'IEF', 'LQD', 'DBC', 'VNQ', 'GLD']","[251.23, 148.18, 95.68, 68.48, 124.76, 106.52, 121.23, 15.4, 83.09, 121.58]","[239.01, 139.11, 86.15, 63.74, 123.03, 106.32, 119.47, 15.19, 83.24, 119.07]","[7.03, 9.57, 12.4, 8.29, -2.18, -1.4, 0.38, 3.1, -1.22, -0.29]","[3337, 3332, 3305]",0.0,9974.0,"['MTUM', 'IWM', 'EFA']","[3324, 3324, 3324]",2.0
2017-10-31,"['SPY', 'IWM', 'MTUM', 'EFA', 'TLT', 'IEF', 'LQD', 'DBC', 'VNQ', 'GLD']","[257.15, 149.26, 100.5, 69.63, 124.46, 106.16, 121.14, 16.01, 82.2, 120.67]","[242.37, 140.55, 88.61, 64.93, 123.57, 106.46, 119.87, 15.21, 83.2, 120.17]","[8.89, 9.88, 16.33, 8.82, -0.84, -1.23, 0.47, 6.4, -0.92, -0.48]","[3491, 3348, 3379]",2.0,10220.0,"['MTUM', 'IWM', 'SPY']","[3406, 3406, 3406]",2.0
2017-11-30,"['SPY', 'IWM', 'MTUM', 'EFA', 'TLT', 'IEF', 'LQD', 'DBC', 'VNQ', 'GLD']","[265.01, 153.65, 103.31, 70.11, 125.12, 105.7, 120.67, 16.16, 84.39, 121.1]","[246.12, 142.39, 91.12, 65.97, 124.07, 106.52, 120.2, 15.25, 83.4, 120.73]","[10.04, 10.59, 16.7, 8.77, 0.73, -0.97, 0.62, 6.24, 2.69, 1.34]","[3501, 3506, 3510]",2.0,10519.0,"['MTUM', 'IWM', 'SPY']","[3506, 3506, 3506]",1.0
2017-12-29,"['SPY', 'IWM', 'MTUM', 'EFA', 'TLT', 'IEF', 'LQD', 'DBC', 'VNQ', 'GLD']","[266.86, 152.46, 103.13, 70.31, 126.86, 105.57, 121.56, 16.61, 82.98, 123.65]","[249.16, 143.86, 93.31, 66.97, 124.58, 106.52, 120.5, 15.34, 83.18, 121.17]","[9.16, 5.84, 14.9, 8.15, 2.74, -0.32, 1.41, 7.61, -0.39, 5.35]","[3499, 3478, 3530]",1.0,10508.0,"['MTUM', 'SPY', 'EFA']","[3502, 3502, 3502]",2.0
2018-01-31,"['SPY', 'IWM', 'MTUM', 'EFA', 'TLT', 'IEF', 'LQD', 'DBC', 'VNQ', 'GLD']","[281.9, 156.36, 111.61, 73.84, 122.73, 103.3, 120.07, 17.1, 79.45, 127.65]","[253.77, 145.74, 96.2, 68.13, 124.78, 106.29, 120.71, 15.53, 82.86, 122.06]","[13.35, 8.36, 20.81, 11.3, -0.88, -2.46, -0.16, 8.01, -4.21, 6.3]","[3789, 3699, 3677]",2.0,11167.0,"['MTUM', 'SPY', 'EFA']","[3722, 3722, 3722]",1.0
2018-02-28,"['SPY', 'IWM', 'MTUM', 'EFA', 'TLT', 'IEF', 'LQD', 'DBC', 'VNQ', 'GLD']","[271.65, 150.35, 109.98, 70.27, 118.75, 102.17, 117.07, 16.6, 73.35, 125.0]","[257.13, 146.87, 98.72, 68.77, 124.42, 105.84, 120.52, 15.71, 81.92, 122.49]","[5.88, 2.67, 14.56, 4.23, -4.5, -3.33, -2.62, 3.83, -11.86, 1.33]","[3667, 3586, 3542]",1.0,10796.0,"['MTUM', 'SPY', 'EFA']","[3598, 3598, 3598]",2.0
2018-03-29,"['SPY', 'IWM', 'MTUM', 'EFA', 'TLT', 'IEF', 'LQD', 'DBC', 'VNQ', 'GLD']","[263.15, 151.83, 105.92, 69.68, 121.9, 103.19, 117.39, 16.98, 75.47, 125.79]","[259.3, 148.42, 100.43, 69.13, 124.17, 105.43, 120.24, 15.95, 81.25, 123.0]","[2.96, 3.37, 9.47, 2.97, -0.64, -1.66, -1.69, 6.61, -5.99, 2.95]","[3465, 3485, 3567]",2.0,10519.0,"['MTUM', 'DBC', 'IWM']","[3506, 3506, 3506]",1.0
2018-04-30,"['SPY', 'IWM', 'MTUM', 'EFA', 'TLT', 'IEF', 'LQD', 'DBC', 'VNQ', 'GLD']","[264.51, 153.32, 106.45, 70.74, 119.1, 101.7, 115.22, 17.56, 76.09, 124.59]","[261.57, 149.66, 102.19, 69.69, 123.57, 104.94, 119.71, 16.26, 80.53, 123.66]","[2.08, 3.0, 6.84, 2.45, -3.06, -2.95, -3.49, 8.61, -4.73, 0.77]","[3523, 3625, 3540]",1.0,10689.0,"['DBC', 'MTUM', 'IWM']","[3563, 3563, 3563]",0.0
2018-05-31,"['SPY', 'IWM', 'MTUM', 'EFA', 'TLT', 'IEF', 'LQD', 'DBC', 'VNQ', 'GLD']","[270.94, 162.77, 110.12, 69.4, 121.22, 102.51, 115.49, 18.03, 78.89, 123.1]","[263.99, 151.79, 104.0, 69.94, 123.29, 104.51, 119.14, 16.56, 79.99, 123.89]","[4.16, 9.94, 8.54, 0.23, -0.45, -1.59, -2.34, 11.61, 0.17, 0.25]","[3658, 3685, 3782]",0.0,11125.0,"['DBC', 'IWM', 'MTUM']","[3708, 3708, 3708]",1.0
2018-06-29,"['SPY', 'IWM', 'MTUM', 'EFA', 'TLT', 'IEF', 'LQD', 'DBC', 'VNQ', 'GLD']","[271.28, 163.77, 109.7, 66.97, 121.72, 102.51, 114.57, 17.68, 81.45, 118.65]","[266.37, 154.2, 105.64, 69.94, 122.66, 103.93, 118.44, 16.81, 79.74, 123.18]","[4.27, 8.03, 8.24, -2.36, -1.63, -1.85, -3.47, 7.74, 1.8, -3.2]","[3636, 3730, 3693]",1.0,11060.0,"['MTUM', 'IWM', 'DBC']","[3686, 3686, 3686]",2.0
2018-07-31,"['SPY', 'IWM', 'MTUM', 'EFA', 'TLT', 'IEF', 'LQD', 'DBC', 'VNQ', 'GLD']","[281.33, 165.87, 111.63, 68.88, 119.7, 101.78, 115.76, 17.25, 81.94, 115.99]","[269.38, 155.96, 107.23, 69.98, 122.16, 103.46, 117.89, 17.0, 79.62, 122.62]","[5.96, 8.19, 7.0, -0.9, -1.78, -1.71, -1.62, 2.84, 2.17, -5.55]","[3750, 3733, 3596]",2.0,11081.0,"['IWM', 'MTUM', 'SPY']","[3693, 3693, 3693]",2.0
2018-08-31,"['SPY', 'IWM', 'MTUM', 'EFA', 'TLT', 'IEF', 'LQD', 'DBC', 'VNQ', 'GLD']","[290.31, 173.02, 118.18, 67.34, 121.0, 102.61, 115.44, 17.38, 84.05, 113.51]","[272.69, 158.34, 109.0, 69.75, 121.81, 103.1, 117.32, 17.14, 79.81, 121.9]","[8.63, 12.38, 11.82, -2.18, -0.67, -0.96, -1.7, 4.24, 5.93, -7.22]","[3852, 3909, 3810]",2.0,11573.0,"['IWM', 'MTUM', 'SPY']","[3857, 3857, 3857]",2.0
2018-09-28,"['SPY', 'IWM', 'MTUM', 'EFA', 'TLT', 'IEF', 'LQD', 'DBC', 'VNQ', 'GLD']","[290.72, 168.55, 119.0, 67.99, 117.27, 101.17, 114.93, 17.97, 80.68, 112.76]","[275.26, 159.83, 110.57, 69.54, 121.03, 102.65, 116.75, 17.32, 79.43, 121.07]","[8.38, 6.28, 11.47, -0.16, -4.13, -2.42, -1.86, 6.89, -0.24, -5.81]","[3757, 3883, 3862]",2.0,11504.0,"['MTUM', 'SPY', 'DBC']","[3834, 3834, 3834]",2.0
2018-10-31,"['SPY', 'IWM', 'MTUM', 'EFA', 'TLT', 'IEF', 'LQD', 'DBC', 'VNQ', 'GLD']","[270.63, 150.03, 107.27, 62.46, 113.58, 100.66, 112.23, 16.96, 78.32, 115.15]","[275.64, 159.59, 110.99, 68.76, 119.7, 102.16, 115.82, 17.35, 78.97, 120.22]","[-0.79, -5.54, -1.56, -9.86, -5.41, -1.95, -3.84, -1.2, -2.29, -2.69]","[3456, 3569, 3618]",2.0,10645.0,[],[],10645.0
2018-11-30,"['SPY', 'IWM', 'MTUM', 'EFA', 'TLT', 'IEF', 'LQD', 'DBC', 'VNQ', 'GLD']","[275.65, 152.62, 108.79, 62.77, 115.33, 101.78, 111.46, 15.29, 81.98, 115.54]","[275.02, 159.21, 110.7, 67.65, 118.96, 102.01, 114.96, 17.17, 79.22, 119.01]","[0.64, -4.24, -0.61, -6.58, -3.96, -1.03, -3.82, -10.62, 0.82, -2.15]",[],10645.0,10645.0,"['VNQ', 'SPY']","[3548, 3548]",3549.0
2018-12-31,"['SPY', 'IWM', 'MTUM', 'EFA', 'TLT', 'IEF', 'LQD', 'DBC', 'VNQ', 'GLD']","[249.92, 133.9, 100.23, 58.78, 121.51, 104.2, 112.82, 14.49, 74.57, 121.25]","[272.84, 157.57, 109.73, 66.5, 119.23, 102.21, 114.53, 16.96, 79.34, 118.63]","[-9.39, -15.81, -8.77, -12.13, 1.15, 1.43, -2.33, -13.85, -8.8, 3.18]","[3227, 3216]",3549.0,9992.0,"['GLD', 'IEF', 'TLT']","[3330, 3330, 3330]",2.0
2019-01-31,"['SPY', 'IWM', 'MTUM', 'EFA', 'TLT', 'IEF', 'LQD', 'DBC', 'VNQ', 'GLD']","[269.93, 149.06, 106.7, 62.68, 121.97, 104.88, 116.62, 15.52, 83.41, 124.75]","[273.52, 157.29, 109.81, 65.8, 119.24, 102.38, 114.45, 16.81, 80.14, 118.53]","[-0.14, -1.03, -0.72, -4.28, 2.26, 2.35, 1.29, -5.16, 6.28, 4.13]","[3426, 3351, 3342]",2.0,10121.0,"['VNQ', 'GLD', 'IEF']","[3373, 3373, 3373]",2.0
2019-02-28,"['SPY', 'IWM', 'MTUM', 'EFA', 'TLT', 'IEF', 'LQD', 'DBC', 'VNQ', 'GLD']","[278.68, 156.78, 110.32, 64.27, 120.02, 104.11, 116.03, 15.96, 83.99, 123.99]","[274.94, 157.64, 110.19, 65.15, 119.33, 102.62, 114.54, 16.65, 80.93, 118.47]","[0.73, 0.7, -0.39, -2.04, 0.68, 1.23, 0.8, -1.2, 4.4, 3.78]","[3396, 3352, 3348]",2.0,10098.0,"['VNQ', 'GLD', 'IEF']","[3366, 3366, 3366]",0.0
2019-03-29,"['SPY', 'IWM', 'MTUM', 'EFA', 'TLT', 'IEF', 'LQD', 'DBC', 'VNQ', 'GLD']","[282.48, 153.09, 112.18, 64.86, 126.44, 106.67, 119.06, 15.9, 86.91, 122.01]","[276.09, 156.67, 110.4, 64.7, 119.85, 103.04, 114.89, 16.44, 81.73, 118.36]","[4.73, 0.91, 3.45, -0.06, 5.24, 3.41, 3.29, -2.13, 10.73, 1.05]","[3483, 3312, 3448]",0.0,10243.0,"['VNQ', 'TLT', 'SPY']","[3414, 3414, 3414]",1.0
2019-04-30,"['SPY', 'IWM', 'MTUM', 'EFA', 'TLT', 'IEF', 'LQD', 'DBC', 'VNQ', 'GLD']","[294.02, 158.29, 114.71, 66.76, 123.65, 105.9, 119.22, 16.09, 86.77, 121.2]","[278.37, 156.12, 110.9, 64.68, 120.05, 103.38, 115.36, 16.28, 82.26, 118.62]","[8.2, 4.58, 6.12, 2.67, 2.96, 2.4, 3.02, -2.16, 7.17, -0.25]","[3408, 3338, 3553]",1.0,10300.0,"['SPY', 'VNQ', 'MTUM']","[3433, 3433, 3433]",1.0
2019-05-31,"['SPY', 'IWM', 'MTUM', 'EFA', 'TLT', 'IEF', 'LQD', 'DBC', 'VNQ', 'GLD']","[275.27, 145.86, 112.19, 63.4, 131.83, 108.91, 120.83, 15.13, 86.89, 123.33]","[277.76, 154.12, 110.96, 64.13, 121.26, 104.09, 115.86, 16.07, 82.76, 119.35]","[-1.53, -7.41, 1.13, -3.51, 9.88, 5.18, 4.63, -7.07, 4.93, 2.04]","[3214, 3437, 3357]",1.0,10009.0,"['TLT', 'IEF', 'VNQ']","[3336, 3336, 3336]",1.0
2019-06-28,"['SPY', 'IWM', 'MTUM', 'EFA', 'TLT', 'IEF', 'LQD', 'DBC', 'VNQ', 'GLD']","[293.0, 155.5, 118.6, 65.73, 132.81, 110.02, 124.37, 15.73, 87.4, 133.2]","[278.03, 152.37, 111.0, 63.97, 122.44, 104.83, 116.76, 15.9, 83.09, 121.32]","[8.85, 4.81, 9.47, 3.75, 6.05, 4.27, 6.55, 0.11, 6.42, 9.82]","[3360, 3370, 3355]",1.0,10086.0,"['GLD', 'MTUM', 'SPY']","[3362, 3362, 3362]",0.0
2019-07-31,"['SPY', 'IWM', 'MTUM', 'EFA', 'TLT', 'IEF', 'LQD', 'DBC', 'VNQ', 'GLD']","[297.43, 156.56, 120.73, 64.45, 132.89, 109.87, 124.33, 15.55, 88.89, 133.21]","[278.7, 151.17, 111.17, 63.62, 124.0, 105.7, 117.7, 15.66, 83.91, 123.36]","[4.64, -0.25, 7.09, -2.25, 6.87, 4.08, 4.57, -3.54, 4.8, 7.89]","[3362, 3422, 3412]",0.0,10196.0,"['GLD', 'MTUM', 'TLT']","[3398, 3398, 3398]",2.0
2019-08-30,"['SPY', 'IWM', 'MTUM', 'EFA', 'TLT', 'IEF', 'LQD', 'DBC', 'VNQ', 'GLD']","[292.45, 148.84, 121.05, 63.21, 147.28, 114.01, 128.8, 14.83, 92.22, 143.75]","[280.88, 151.05, 112.55, 63.69, 127.37, 107.03, 119.35, 15.45, 85.3, 126.22]","[2.56, -5.48, 5.08, -2.5, 16.75, 7.27, 8.2, -7.09, 7.35, 16.76]","[3666, 3407, 3765]",2.0,10840.0,"['GLD', 'TLT', 'LQD']","[3613, 3613, 3613]",1.0
2019-09-30,"['SPY', 'IWM', 'MTUM', 'EFA', 'TLT', 'IEF', 'LQD', 'DBC', 'VNQ', 'GLD']","[296.77, 151.34, 119.25, 65.21, 143.08, 112.47, 127.48, 15.04, 93.25, 138.87]","[282.99, 150.92, 113.6, 63.93, 130.15, 108.1, 120.96, 15.42, 86.43, 128.56]","[2.48, -3.09, 1.39, -0.29, 10.01, 4.37, 4.87, -6.17, 7.67, 9.46]","[3490, 3509, 3575]",1.0,10575.0,"['TLT', 'GLD', 'VNQ']","[3525, 3525, 3525]",0.0
2019-10-31,"['SPY', 'IWM', 'MTUM', 'EFA', 'TLT', 'IEF', 'LQD', 'DBC', 'VNQ', 'GLD']","[303.33, 155.45, 120.02, 67.42, 141.24, 112.51, 127.71, 15.33, 94.3, 142.43]","[288.34, 153.08, 115.58, 64.8, 132.12, 108.94, 122.45, 15.51, 88.4, 130.67]","[4.86, 0.96, 4.14, 4.23, 10.89, 5.11, 5.95, -3.45, 9.07, 12.67]","[3479, 3615, 3564]",0.0,10658.0,"['GLD', 'TLT', 'VNQ']","[3552, 3552, 3552]",2.0
2019-11-29,"['SPY', 'IWM', 'MTUM', 'EFA', 'TLT', 'IEF', 'LQD', 'DBC', 'VNQ', 'GLD']","[314.31, 161.77, 123.97, 68.18, 140.42, 111.57, 127.97, 15.31, 93.07, 137.86]","[292.77, 154.35, 117.3, 65.35, 133.97, 109.6, 123.58, 15.49, 89.37, 131.98]","[9.82, 7.42, 7.54, 6.29, 5.76, 2.27, 5.07, 1.11, 5.06, 5.95]","[3438, 3531, 3505]",2.0,10476.0,"['SPY', 'MTUM', 'IWM']","[3492, 3492, 3492]",0.0
2019-12-31,"['SPY', 'IWM', 'MTUM', 'EFA', 'TLT', 'IEF', 'LQD', 'DBC', 'VNQ', 'GLD']","[321.86, 165.67, 125.56, 69.44, 135.48, 110.22, 127.96, 15.95, 92.79, 142.9]","[297.09, 155.24, 118.83, 65.87, 135.51, 110.22, 124.77, 15.49, 90.25, 133.88]","[12.37, 10.54, 9.43, 8.03, 1.17, 0.69, 4.17, 5.43, 7.45, 7.92]","[3575, 3536, 3576]",0.0,10687.0,"['SPY', 'IWM', 'MTUM']","[3562, 3562, 3562]",1.0
2020-01-31,"['SPY', 'IWM', 'MTUM', 'EFA', 'TLT', 'IEF', 'LQD', 'DBC', 'VNQ', 'GLD']","[321.73, 160.53, 130.26, 67.48, 145.9, 114.04, 131.09, 14.58, 93.93, 149.33]","[301.02, 155.98, 120.63, 66.13, 137.46, 110.95, 125.98, 15.35, 90.95, 136.61]","[8.35, 2.6, 10.56, 2.41, 10.1, 4.34, 5.74, -6.44, 4.78, 10.29]","[3560, 3451, 3695]",1.0,10707.0,"['MTUM', 'GLD', 'TLT']","[3569, 3569, 3569]",0.0
2020-02-28,"['SPY', 'IWM', 'MTUM', 'EFA', 'TLT', 'IEF', 'LQD', 'DBC', 'VNQ', 'GLD']","[296.26, 146.33, 120.9, 62.24, 155.31, 117.26, 132.18, 13.61, 87.33, 148.38]","[301.24, 154.78, 121.25, 65.68, 140.62, 112.09, 127.27, 15.11, 91.01, 139.33]","[-1.51, -6.69, -0.05, -5.29, 12.97, 5.85, 5.17, -10.18, -3.63, 7.47]","[3312, 3546, 3799]",0.0,10657.0,"['TLT', 'GLD', 'IEF']","[3552, 3552, 3552]",1.0
2020-03-31,"['SPY', 'IWM', 'MTUM', 'EFA', 'TLT', 'IEF', 'LQD', 'DBC', 'VNQ', 'GLD']","[257.75, 114.46, 106.48, 53.46, 164.97, 121.48, 123.51, 11.25, 69.85, 148.05]","[299.49, 151.64, 120.68, 64.68, 143.94, 113.35, 127.54, 14.72, 89.3, 141.8]","[-13.71, -25.57, -10.73, -18.18, 18.44, 8.93, -2.35, -25.32, -22.36, 7.83]","[3772, 3544, 3679]",1.0,10996.0,"['TLT', 'IEF', 'GLD']","[3665, 3665, 3665]",1.0
2020-04-30,"['SPY', 'IWM', 'MTUM', 'EFA', 'TLT', 'IEF', 'LQD', 'DBC', 'VNQ', 'GLD']","[290.48, 130.31, 118.94, 56.57, 166.74, 121.67, 129.17, 10.9, 76.11, 158.8]","[299.24, 149.13, 120.72, 63.77, 147.33, 114.51, 128.02, 14.23, 88.17, 144.36]","[-0.61, -9.71, 1.45, -10.43, 17.06, 7.47, 3.15, -22.38, -10.4, 14.03]","[3704, 3670, 3931]",1.0,11306.0,"['TLT', 'GLD', 'IEF']","[3768, 3768, 3768]",2.0
2020-05-29,"['SPY', 'IWM', 'MTUM', 'EFA', 'TLT', 'IEF', 'LQD', 'DBC', 'VNQ', 'GLD']","[304.32, 138.9, 125.92, 59.64, 163.59, 121.94, 132.02, 11.78, 77.43, 162.91]","[299.93, 147.36, 121.23, 63.29, 150.4, 115.72, 128.79, 13.86, 87.03, 147.33]","[3.71, -4.35, 5.96, -4.3, 11.01, 6.37, 3.63, -12.64, -9.32, 15.66]","[3696, 3865, 3776]",2.0,11339.0,"['GLD', 'TLT', 'IEF']","[3779, 3779, 3779]",2.0
2020-06-30,"['SPY', 'IWM', 'MTUM', 'EFA', 'TLT', 'IEF', 'LQD', 'DBC', 'VNQ', 'GLD']","[308.36, 143.18, 131.0, 60.87, 163.93, 121.87, 134.5, 12.31, 78.53, 167.37]","[301.52, 146.79, 122.23, 63.05, 152.07, 116.5, 129.36, 13.61, 85.66, 149.69]","[5.5, 1.67, 10.46, -0.95, 11.0, 5.4, 6.01, -7.66, -2.92, 14.64]","[3882, 3786, 3776]",2.0,11446.0,"['GLD', 'TLT', 'MTUM']","[3815, 3815, 3815]",1.0
2020-07-31,"['SPY', 'IWM', 'MTUM', 'EFA', 'TLT', 'IEF', 'LQD', 'DBC', 'VNQ', 'GLD']","[326.52, 147.36, 140.19, 62.05, 171.0, 122.8, 138.35, 12.94, 81.39, 185.43]","[304.49, 146.4, 124.32, 62.74, 154.86, 117.54, 130.45, 13.4, 84.47, 154.35]","[7.39, 0.48, 12.16, -0.04, 13.18, 5.29, 6.7, -1.05, -2.8, 22.73]","[4226, 3979, 4082]",1.0,12288.0,"['GLD', 'TLT', 'MTUM']","[4096, 4096, 4096]",0.0
2020-08-31,"['SPY', 'IWM', 'MTUM', 'EFA', 'TLT', 'IEF', 'LQD', 'DBC', 'VNQ', 'GLD']","[349.31, 155.43, 153.48, 64.98, 162.19, 121.51, 135.6, 13.54, 81.75, 184.83]","[309.09, 146.39, 127.67, 62.49, 156.95, 118.44, 131.24, 13.22, 83.22, 158.59]","[14.78, 7.01, 21.28, 5.22, 2.13, 2.2, 2.15, 2.59, -2.93, 16.57]","[4082, 3884, 4484]",0.0,12450.0,"['MTUM', 'GLD', 'SPY']","[4150, 4150, 4150]",0.0
2020-09-30,"['SPY', 'IWM', 'MTUM', 'EFA', 'TLT', 'IEF', 'LQD', 'DBC', 'VNQ', 'GLD']","[334.89, 149.79, 147.4, 63.65, 163.26, 121.82, 134.71, 13.06, 78.96, 177.12]","[311.15, 145.2, 130.01, 62.04, 159.24, 119.46, 131.91, 12.99, 81.81, 162.51]","[11.81, 7.71, 17.65, 4.8, 3.33, 2.2, 3.56, 1.37, -1.29, 12.21]","[3985, 3976, 3978]",0.0,11939.0,"['MTUM', 'GLD', 'SPY']","[3979, 3979, 3979]",2.0
2020-10-30,"['SPY', 'IWM', 'MTUM', 'EFA', 'TLT', 'IEF', 'LQD', 'DBC', 'VNQ', 'GLD']","[326.54, 153.09, 141.23, 61.39, 157.57, 120.06, 133.73, 12.65, 76.59, 176.2]","[311.62, 143.94, 131.58, 61.23, 161.45, 120.45, 132.49, 12.66, 80.19, 165.84]","[4.39, 5.51, 8.24, -1.26, -1.32, 0.43, 1.04, -1.7, -6.76, 7.29]","[3812, 3958, 3879]",2.0,11651.0,"['MTUM', 'GLD', 'IWM']","[3883, 3883, 3883]",2.0
2020-11-30,"['SPY', 'IWM', 'MTUM', 'EFA', 'TLT', 'IEF', 'LQD', 'DBC', 'VNQ', 'GLD']","[362.06, 181.02, 156.24, 70.15, 160.02, 120.39, 138.48, 13.94, 84.0, 166.67]","[315.65, 145.99, 134.18, 61.5, 162.86, 121.08, 133.23, 12.6, 79.19, 167.58]","[12.17, 19.23, 15.63, 10.69, 3.0, 1.5, 4.69, 5.63, 2.79, 1.99]","[4295, 3672, 4591]",2.0,12560.0,"['IWM', 'MTUM', 'SPY']","[4186, 4186, 4186]",2.0
2020-12-31,"['SPY', 'IWM', 'MTUM', 'EFA', 'TLT', 'IEF', 'LQD', 'DBC', 'VNQ', 'GLD']","[373.88, 196.06, 161.29, 72.96, 157.73, 119.95, 138.13, 14.7, 84.93, 178.36]","[323.41, 150.96, 138.22, 62.57, 163.1, 121.35, 133.82, 12.71, 78.95, 170.57]","[13.08, 23.62, 16.06, 10.89, 1.96, 1.33, 3.24, 7.4, 2.09, 9.77]","[4533, 4321, 4322]",2.0,13178.0,"['IWM', 'MTUM', 'SPY']","[4392, 4392, 4392]",2.0
2021-01-29,"['SPY', 'IWM', 'MTUM', 'EFA', 'TLT', 'IEF', 'LQD', 'DBC', 'VNQ', 'GLD']","[370.07, 205.56, 163.86, 72.39, 152.0, 118.64, 135.6, 15.19, 84.96, 172.61]","[334.64, 160.07, 143.95, 64.47, 161.8, 121.07, 135.03, 13.1, 80.46, 173.03]","[10.17, 26.67, 15.07, 10.27, -3.52, -0.41, 0.26, 11.24, 1.45, 0.85]","[4604, 4461, 4347]",2.0,13414.0,"['IWM', 'MTUM', 'DBC']","[4471, 4471, 4471]",1.0
2021-02-26,"['SPY', 'IWM', 'MTUM', 'EFA', 'TLT', 'IEF', 'LQD', 'DBC', 'VNQ', 'GLD']","[380.36, 218.31, 162.9, 74.01, 143.12, 115.76, 132.27, 16.73, 87.87, 161.81]","[343.63, 168.87, 148.35, 66.21, 159.44, 120.47, 135.34, 13.68, 81.64, 173.33]","[11.28, 29.11, 11.14, 10.14, -9.0, -3.07, -2.33, 19.16, 4.04, -3.14]","[4748, 4444, 4924]",1.0,14117.0,"['IWM', 'DBC', 'SPY']","[4705, 4705, 4705]",2.0
2021-03-31,"['SPY', 'IWM', 'MTUM', 'EFA', 'TLT', 'IEF', 'LQD', 'DBC', 'VNQ', 'GLD']","[396.33, 220.94, 160.86, 75.87, 135.45, 112.93, 130.05, 16.61, 91.86, 159.96]","[352.83, 177.07, 151.84, 67.83, 156.63, 119.57, 135.14, 14.17, 83.08, 173.04]","[20.58, 38.61, 14.67, 16.91, -13.6, -5.66, -1.42, 21.77, 15.14, -3.28]","[4761, 4671, 4902]",2.0,14336.0,"['IWM', 'DBC', 'SPY']","[4778, 4778, 4778]",2.0
2021-04-30,"['SPY', 'IWM', 'MTUM', 'EFA', 'TLT', 'IEF', 'LQD', 'DBC', 'VNQ', 'GLD']","[417.3, 224.89, 172.21, 78.11, 138.64, 113.99, 131.15, 17.91, 99.08, 165.66]","[363.73, 185.24, 155.97, 69.56, 154.1, 118.78, 134.81, 14.73, 85.14, 172.86]","[22.38, 32.67, 19.72, 19.04, -8.82, -3.59, -0.71, 32.91, 21.01, -0.53]","[4863, 5151, 5030]",2.0,15046.0,"['DBC', 'IWM', 'SPY']","[5015, 5015, 5015]",1.0
2021-05-28,"['SPY', 'IWM', 'MTUM', 'EFA', 'TLT', 'IEF', 'LQD', 'DBC', 'VNQ', 'GLD']","[420.04, 225.5, 170.39, 80.83, 138.44, 114.4, 131.71, 18.6, 99.88, 178.38]","[373.08, 193.06, 158.99, 71.43, 150.84, 117.94, 134.14, 15.29, 86.99, 172.16]","[16.28, 22.62, 11.98, 15.86, -8.07, -2.99, -1.28, 26.59, 15.59, 8.61]","[5208, 5028, 5047]",1.0,15284.0,"['DBC', 'IWM', 'SPY']","[5094, 5094, 5094]",2.0
2021-06-30,"['SPY', 'IWM', 'MTUM', 'EFA', 'TLT', 'IEF', 'LQD', 'DBC', 'VNQ', 'GLD']","[428.06, 229.37, 173.43, 78.88, 144.35, 115.49, 134.36, 19.25, 101.79, 165.63]","[380.95, 200.45, 160.98, 72.82, 149.06, 117.34, 134.02, 15.86, 88.99, 170.24]","[15.81, 20.68, 12.38, 9.81, -2.4, -1.44, 0.62, 26.68, 15.55, -2.95]","[5272, 5181, 5191]",2.0,15646.0,"['DBC', 'IWM', 'SPY']","[5215, 5215, 5215]",1.0
2021-07-30,"['SPY', 'IWM', 'MTUM', 'EFA', 'TLT', 'IEF', 'LQD', 'DBC', 'VNQ', 'GLD']","[438.51, 221.05, 175.03, 79.49, 149.52, 117.71, 136.01, 19.5, 106.29, 169.82]","[391.31, 207.58, 163.74, 74.41, 147.68, 116.93, 134.15, 16.51, 91.72, 169.51]","[15.08, 13.05, 8.56, 10.12, -0.69, 0.06, 0.89, 22.31, 16.85, -1.25]","[5282, 5025, 5342]",1.0,15650.0,"['DBC', 'VNQ', 'SPY']","[5216, 5216, 5216]",2.0
2021-08-31,"['SPY', 'IWM', 'MTUM', 'EFA', 'TLT', 'IEF', 'LQD', 'DBC', 'VNQ', 'GLD']","[451.56, 225.92, 182.24, 80.64, 148.83, 117.17, 135.3, 19.18, 108.58, 169.69]","[403.82, 214.86, 167.84, 76.33, 146.81, 116.64, 134.31, 17.16, 94.92, 168.86]","[14.62, 12.81, 10.42, 8.57, 0.7, -0.1, 1.07, 14.44, 16.81, -2.07]","[5130, 5328, 5371]",2.0,15831.0,"['VNQ', 'SPY', 'DBC']","[5277, 5277, 5277]",0.0
2021-09-30,"['SPY', 'IWM', 'MTUM', 'EFA', 'TLT', 'IEF', 'LQD', 'DBC', 'VNQ', 'GLD']","[429.14, 218.75, 175.6, 78.01, 144.32, 115.22, 133.03, 20.18, 101.78, 164.22]","[410.52, 218.63, 169.78, 77.12, 145.24, 116.13, 133.76, 17.79, 96.7, 168.61]","[7.92, 9.31, 6.47, 5.25, -2.02, -1.32, -0.41, 21.51, 8.36, -2.17]","[4946, 5014, 5552]",0.0,15512.0,"['DBC', 'IWM', 'VNQ']","[5170, 5170, 5170]",2.0
2021-10-29,"['SPY', 'IWM', 'MTUM', 'EFA', 'TLT', 'IEF', 'LQD', 'DBC', 'VNQ', 'GLD']","[459.25, 228.05, 190.68, 80.49, 147.69, 114.63, 133.48, 21.35, 109.04, 166.65]","[419.06, 221.83, 172.72, 77.87, 144.24, 115.59, 133.3, 18.45, 99.11, 167.44]","[15.61, 14.45, 15.82, 9.65, 0.35, -1.77, 0.02, 25.82, 15.54, -1.3]","[5469, 5389, 5538]",2.0,16398.0,"['DBC', 'MTUM', 'SPY']","[5466, 5466, 5466]",0.0
2021-11-30,"['SPY', 'IWM', 'MTUM', 'EFA', 'TLT', 'IEF', 'LQD', 'DBC', 'VNQ', 'GLD']","[455.56, 218.17, 183.15, 76.84, 151.59, 115.8, 133.06, 19.48, 106.74, 165.5]","[427.61, 223.09, 174.65, 78.32, 144.2, 115.31, 133.04, 18.88, 101.29, 166.73]","[8.59, 2.38, 5.31, -1.16, 2.18, -0.69, -1.22, 9.32, 7.54, -2.77]","[4987, 5250, 5422]",0.0,15659.0,"['DBC', 'SPY', 'VNQ']","[5219, 5219, 5219]",2.0
2021-12-31,"['SPY', 'IWM', 'MTUM', 'EFA', 'TLT', 'IEF', 'LQD', 'DBC', 'VNQ', 'GLD']","[474.96, 222.45, 181.82, 78.68, 148.19, 115.0, 132.52, 20.78, 116.01, 170.96]","[437.07, 223.51, 176.54, 78.78, 144.7, 115.23, 133.07, 19.28, 104.11, 167.65]","[13.23, 3.52, 5.1, 2.71, -0.74, -1.36, -1.55, 14.74, 18.3, 1.62]","[5567, 5441, 5672]",2.0,16682.0,"['VNQ', 'DBC', 'SPY']","[5560, 5560, 5560]",2.0
2022-01-31,"['SPY', 'IWM', 'MTUM', 'EFA', 'TLT', 'IEF', 'LQD', 'DBC', 'VNQ', 'GLD']","[449.91, 201.24, 165.4, 75.82, 142.39, 112.57, 127.76, 22.42, 106.24, 168.09]","[442.43, 221.54, 176.99, 78.78, 145.4, 115.2, 132.84, 19.87, 105.54, 168.46]","[4.22, -8.09, -6.71, -2.33, -4.65, -3.35, -4.93, 18.87, 3.5, -1.11]","[5091, 5998, 5266]",2.0,16357.0,"['DBC', 'SPY', 'VNQ']","[5452, 5452, 5452]",1.0
2022-02-28,"['SPY', 'IWM', 'MTUM', 'EFA', 'TLT', 'IEF', 'LQD', 'DBC', 'VNQ', 'GLD']","[436.63, 203.32, 160.97, 73.22, 139.87, 112.12, 124.8, 23.87, 102.54, 178.38]","[444.36, 219.38, 175.87, 78.29, 145.52, 115.01, 132.2, 20.46, 105.89, 169.73]","[1.09, -5.66, -6.91, -4.6, -4.45, -2.76, -5.48, 24.03, 0.93, 7.31]","[5804, 5291, 5262]",1.0,16358.0,"['DBC', 'GLD']","[5452, 5452]",5454.0
2022-03-31,"['SPY', 'IWM', 'MTUM', 'EFA', 'TLT', 'IEF', 'LQD', 'DBC', 'VNQ', 'GLD']","[451.64, 205.27, 168.27, 73.6, 132.08, 107.47, 120.94, 26.06, 108.37, 180.65]","[447.52, 217.36, 175.66, 77.57, 144.88, 114.32, 131.13, 21.21, 106.74, 169.96]","[4.43, -5.0, -0.62, -3.65, -6.85, -5.56, -6.98, 30.15, 5.88, 7.47]","[5952, 5521]",5454.0,16927.0,"['DBC', 'GLD', 'VNQ']","[5642, 5642, 5642]",1.0
2022-04-29,"['SPY', 'IWM', 'MTUM', 'EFA', 'TLT', 'IEF', 'LQD', 'DBC', 'VNQ', 'GLD']","[412.0, 184.95, 146.93, 68.64, 119.45, 102.81, 112.6, 27.53, 103.94, 176.91]","[445.92, 212.92, 173.01, 76.54, 142.39, 113.05, 128.95, 22.04, 106.95, 171.09]","[-7.19, -13.66, -15.37, -10.76, -14.66, -8.28, -12.14, 27.77, -1.5, 4.03]","[5960, 5525, 5411]",1.0,16897.0,"['DBC', 'GLD']","[5632, 5632]",5633.0
2022-05-31,"['SPY', 'IWM', 'MTUM', 'EFA', 'TLT', 'IEF', 'LQD', 'DBC', 'VNQ', 'GLD']","[412.93, 185.31, 146.05, 70.01, 116.56, 103.32, 114.44, 28.8, 99.07, 171.14]","[443.36, 209.34, 170.11, 75.59, 139.1, 111.61, 126.79, 22.97, 106.23, 171.22]","[-4.06, -10.39, -11.1, -6.17, -14.5, -6.96, -8.44, 31.98, -4.02, -1.99]","[5891, 5448]",5633.0,16972.0,['DBC'],[5657],11315.0
2022-06-30,"['SPY', 'IWM', 'MTUM', 'EFA', 'TLT', 'IEF', 'LQD', 'DBC', 'VNQ', 'GLD']","[377.25, 169.36, 136.37, 62.49, 114.87, 102.3, 110.03, 26.64, 91.11, 168.46]","[435.93, 203.69, 165.52, 73.78, 135.7, 110.12, 124.27, 23.71, 104.48, 171.1]","[-14.39, -19.03, -17.99, -16.8, -14.35, -7.06, -11.99, 15.33, -13.98, -2.02]",[5232],11315.0,16547.0,['DBC'],[5515],11032.0
2022-07-29,"['SPY', 'IWM', 'MTUM', 'EFA', 'TLT', 'IEF', 'LQD', 'DBC', 'VNQ', 'GLD']","[411.99, 187.25, 143.42, 65.72, 117.43, 105.17, 114.61, 26.11, 98.96, 164.1]","[434.21, 200.54, 162.31, 72.55, 133.01, 109.12, 122.42, 24.3, 104.2, 171.08]","[-1.32, -2.61, -7.14, -7.43, -9.61, -3.03, -5.02, 10.8, -2.48, -3.89]",[5405],11032.0,16437.0,['DBC'],[5479],10958.0
2022-08-31,"['SPY', 'IWM', 'MTUM', 'EFA', 'TLT', 'IEF', 'LQD', 'DBC', 'VNQ', 'GLD']","[395.18, 183.5, 140.56, 61.7, 111.88, 100.94, 109.27, 25.72, 93.01, 159.27]","[427.8, 196.08, 157.29, 70.67, 129.43, 107.75, 120.0, 24.74, 102.6, 170.35]","[-7.59, -7.88, -10.32, -14.3, -13.4, -7.54, -10.21, 7.42, -8.94, -6.68]",[5397],10958.0,16355.0,['DBC'],[5451],10904.0
2022-09-30,"['SPY', 'IWM', 'MTUM', 'EFA', 'TLT', 'IEF', 'LQD', 'DBC', 'VNQ', 'GLD']","[357.18, 164.92, 131.18, 56.01, 102.45, 95.99, 102.45, 23.91, 80.17, 154.67]","[417.97, 190.76, 152.1, 68.59, 124.52, 105.77, 116.94, 25.18, 99.94, 169.26]","[-13.16, -14.25, -14.45, -17.92, -17.67, -9.61, -12.85, -1.76, -18.27, -7.82]",[5067],10904.0,15971.0,[],[],15971.0
2022-10-31,"['SPY', 'IWM', 'MTUM', 'EFA', 'TLT', 'IEF', 'LQD', 'DBC', 'VNQ', 'GLD']","[386.21, 183.33, 147.64, 59.31, 96.11, 94.41, 101.35, 25.12, 82.98, 151.91]","[409.09, 186.85, 148.68, 66.65, 119.31, 103.71, 113.83, 25.62, 96.64, 167.36]","[-5.07, -2.85, -1.65, -10.94, -19.7, -9.42, -11.68, 2.54, -14.18, -8.04]",[],15971.0,15971.0,[],[],15971.0
2022-11-30,"['SPY', 'IWM', 'MTUM', 'EFA', 'TLT', 'IEF', 'LQD', 'DBC', 'VNQ', 'GLD']","[407.68, 187.37, 152.76, 67.12, 102.73, 97.61, 107.76, 25.49, 88.08, 164.81]","[404.87, 185.46, 147.41, 65.78, 115.34, 102.21, 111.83, 25.93, 94.82, 167.03]","[-0.77, -2.17, 0.04, 1.29, -11.35, -5.29, -4.98, 4.99, -6.93, 1.96]",[],15971.0,15971.0,['EFA'],[5323],10648.0
2022-12-30,"['SPY', 'IWM', 'MTUM', 'EFA', 'TLT', 'IEF', 'LQD', 'DBC', 'VNQ', 'GLD']","[382.43, 174.36, 145.93, 65.64, 99.56, 95.78, 105.43, 24.65, 82.48, 169.64]","[399.45, 182.56, 145.91, 65.02, 111.31, 100.58, 109.89, 26.0, 92.82, 166.16]","[-4.31, -4.97, -1.49, 0.86, -13.02, -6.29, -5.97, 2.74, -10.46, 3.13]",[5205],10648.0,15853.0,"['GLD', 'EFA']","[5284, 5284]",5285.0
2023-01-31,"['SPY', 'IWM', 'MTUM', 'EFA', 'TLT', 'IEF', 'LQD', 'DBC', 'VNQ', 'GLD']","[406.48, 191.48, 145.13, 71.55, 107.17, 99.21, 110.87, 24.87, 91.06, 179.41]","[394.93, 181.18, 143.6, 64.82, 108.82, 99.75, 108.88, 25.88, 91.09, 166.03]","[0.14, 2.92, -3.33, 8.22, -3.58, -2.22, -0.48, 1.52, -0.53, 9.98]","[5588, 5759]",5285.0,16632.0,"['GLD', 'EFA', 'IWM']","[5544, 5544, 5544]",0.0
2023-02-28,"['SPY', 'IWM', 'MTUM', 'EFA', 'TLT', 'IEF', 'LQD', 'DBC', 'VNQ', 'GLD']","[396.26, 188.18, 139.27, 69.35, 101.71, 95.76, 105.92, 23.76, 85.72, 169.78]","[393.36, 181.51, 142.83, 64.89, 107.05, 99.05, 108.21, 25.51, 89.26, 165.32]","[-3.57, -1.55, -6.82, 1.84, -10.61, -6.28, -6.09, -4.83, -8.2, -0.14]","[5246, 5373, 5448]",0.0,16067.0,"['EFA', 'GLD', 'IWM']","[5355, 5355, 5355]",2.0
2023-03-31,"['SPY', 'IWM', 'MTUM', 'EFA', 'TLT', 'IEF', 'LQD', 'DBC', 'VNQ', 'GLD']","[409.39, 178.4, 139.04, 71.52, 106.37, 99.12, 109.61, 23.74, 83.04, 183.22]","[393.0, 180.81, 142.13, 65.04, 106.03, 98.63, 107.73, 25.0, 87.66, 166.53]","[3.91, -1.95, -4.07, 9.24, -1.05, 0.62, 1.27, -3.35, -5.56, 8.95]","[5522, 5778, 5076]",2.0,16378.0,"['EFA', 'GLD', 'SPY']","[5459, 5459, 5459]",1.0
2023-04-28,"['SPY', 'IWM', 'MTUM', 'EFA', 'TLT', 'IEF', 'LQD', 'DBC', 'VNQ', 'GLD']","[415.93, 175.2, 142.37, 73.62, 106.46, 99.73, 109.93, 23.56, 83.3, 184.8]","[396.87, 181.4, 142.73, 66.15, 105.19, 98.37, 107.72, 24.69, 86.88, 168.16]","[3.14, -5.0, -1.54, 9.3, -0.17, 0.94, 1.39, -6.66, -6.92, 7.49]","[5619, 5506, 5546]",1.0,16672.0,"['EFA', 'GLD', 'SPY']","[5557, 5557, 5557]",1.0
2023-05-31,"['SPY', 'IWM', 'MTUM', 'EFA', 'TLT', 'IEF', 'LQD', 'DBC', 'VNQ', 'GLD']","[417.85, 173.77, 135.5, 70.67, 102.99, 98.06, 107.62, 22.05, 80.0, 182.32]","[397.46, 180.05, 141.94, 66.65, 103.74, 97.66, 107.02, 24.29, 84.98, 169.98]","[2.4, -5.49, -6.51, 1.03, -3.35, -0.97, -1.65, -12.64, -9.76, 5.8]","[5334, 5482, 5582]",1.0,16399.0,"['GLD', 'SPY', 'EFA']","[5466, 5466, 5466]",1.0
2023-06-30,"['SPY', 'IWM', 'MTUM', 'EFA', 'TLT', 'IEF', 'LQD', 'DBC', 'VNQ', 'GLD']","[443.28, 187.27, 144.25, 72.5, 102.94, 96.6, 108.14, 22.7, 83.56, 178.27]","[402.27, 180.43, 142.31, 67.73, 102.85, 97.23, 106.91, 23.99, 84.04, 171.88]","[11.95, 7.68, 3.71, 7.61, -2.57, -2.19, -0.0, -6.03, -0.47, 1.5]","[5344, 5798, 5607]",1.0,16750.0,"['SPY', 'IWM', 'EFA']","[5583, 5583, 5583]",1.0
2023-07-31,"['SPY', 'IWM', 'MTUM', 'EFA', 'TLT', 'IEF', 'LQD', 'DBC', 'VNQ', 'GLD']","[457.79, 198.71, 146.75, 74.46, 100.05, 95.74, 107.85, 24.68, 85.26, 182.35]","[412.33, 183.81, 143.86, 69.57, 102.61, 97.2, 107.45, 24.06, 84.55, 174.65]","[9.27, 7.36, 2.06, 5.3, -7.57, -4.34, -2.7, 1.81, -3.96, 3.43]","[5765, 5924, 5733]",1.0,17423.0,"['SPY', 'IWM', 'EFA']","[5807, 5807, 5807]",2.0
2023-08-31,"['SPY', 'IWM', 'MTUM', 'EFA', 'TLT', 'IEF', 'LQD', 'DBC', 'VNQ', 'GLD']","[450.35, 188.61, 147.2, 71.53, 96.64, 94.8, 106.16, 24.59, 82.38, 180.02]","[418.74, 184.33, 143.82, 70.8, 102.66, 97.24, 107.93, 24.01, 84.49, 177.46]","[8.44, 1.62, 4.84, 4.09, -7.04, -2.84, -1.39, 2.57, -3.93, 4.13]","[5712, 5511, 5578]",2.0,16803.0,"['SPY', 'MTUM', 'GLD']","[5601, 5601, 5601]",0.0
2023-09-29,"['SPY', 'IWM', 'MTUM', 'EFA', 'TLT', 'IEF', 'LQD', 'DBC', 'VNQ', 'GLD']","[427.48, 176.74, 139.7, 68.92, 88.69, 91.59, 102.02, 24.96, 75.66, 171.45]","[420.72, 183.27, 142.51, 70.98, 101.26, 96.64, 107.36, 23.96, 83.25, 178.13]","[3.86, -1.42, -0.32, 2.71, -13.03, -5.19, -4.23, 5.25, -8.03, -1.04]","[5316, 5315, 5334]",0.0,15965.0,"['DBC', 'SPY']","[5321, 5321]",5323.0
2023-10-31,"['SPY', 'IWM', 'MTUM', 'EFA', 'TLT', 'IEF', 'LQD', 'DBC', 'VNQ', 'GLD']","[418.2, 164.52, 137.43, 66.92, 83.58, 89.59, 99.17, 24.51, 72.92, 184.09]","[424.3, 182.29, 141.66, 71.1, 99.66, 96.02, 106.73, 23.94, 82.29, 179.57]","[-0.5, -10.12, -4.59, -2.33, -14.19, -5.97, -5.69, -0.22, -10.67, 7.28]","[5225, 5205]",5323.0,15753.0,"['GLD', 'DBC']","[5251, 5251]",5251.0
2023-11-30,"['SPY', 'IWM', 'MTUM', 'EFA', 'TLT', 'IEF', 'LQD', 'DBC', 'VNQ', 'GLD']","[456.4, 179.66, 150.11, 72.42, 91.56, 93.41, 106.29, 23.91, 81.73, 188.75]","[429.29, 181.11, 142.16, 71.19, 98.1, 95.44, 106.27, 23.85, 81.36, 180.51]","[7.91, 0.93, 5.07, 4.96, -4.42, -1.56, 1.17, -0.75, 1.56, 6.36]","[5383, 5122]",5251.0,15756.0,"['SPY', 'GLD', 'MTUM']","[5252, 5252, 5252]",0.0
2023-12-29,"['SPY', 'IWM', 'MTUM', 'EFA', 'TLT', 'IEF', 'LQD', 'DBC', 'VNQ', 'GLD']","[475.31, 200.71, 156.89, 75.35, 98.88, 96.39, 110.66, 22.04, 88.36, 191.17]","[437.2, 182.36, 143.92, 71.79, 97.82, 95.5, 106.75, 23.67, 81.62, 182.64]","[11.71, 11.89, 8.27, 8.02, 3.72, 2.21, 4.97, -8.25, 9.44, 8.18]","[5469, 5319, 5489]",0.0,16277.0,"['IWM', 'SPY', 'VNQ']","[5425, 5425, 5425]",2.0
2024-01-31,"['SPY', 'IWM', 'MTUM', 'EFA', 'TLT', 'IEF', 'LQD', 'DBC', 'VNQ', 'GLD']","[482.88, 192.88, 165.65, 75.01, 96.66, 96.46, 110.17, 22.33, 83.89, 188.45]","[444.55, 183.81, 146.58, 72.14, 96.85, 95.24, 106.8, 23.53, 81.71, 183.17]","[10.34, 2.78, 13.28, 4.3, 0.05, 1.43, 3.04, -6.83, 0.13, 2.33]","[5213, 5511, 5150]",2.0,15876.0,"['MTUM', 'SPY', 'EFA']","[5292, 5292, 5292]",0.0
2024-02-29,"['SPY', 'IWM', 'MTUM', 'EFA', 'TLT', 'IEF', 'LQD', 'DBC', 'VNQ', 'GLD']","[508.08, 203.73, 182.21, 77.25, 94.18, 94.22, 107.66, 21.99, 85.55, 189.31]","[453.76, 186.66, 150.57, 72.5, 95.62, 94.69, 106.57, 23.38, 81.93, 183.62]","[14.39, 8.83, 21.5, 7.26, -2.42, -0.92, 0.52, -6.89, 2.58, 4.36]","[5821, 5568, 5450]",0.0,16839.0,"['MTUM', 'SPY', 'IWM']","[5613, 5613, 5613]",0.0
2024-03-28,"['SPY', 'IWM', 'MTUM', 'EFA', 'TLT', 'IEF', 'LQD', 'DBC', 'VNQ', 'GLD']","[523.07, 210.3, 187.35, 79.86, 94.62, 94.66, 108.92, 22.97, 86.48, 205.72]","[464.28, 190.31, 155.75, 73.42, 94.78, 94.35, 106.7, 23.47, 82.58, 185.96]","[15.78, 11.22, 22.77, 9.23, -2.05, -0.62, 1.43, -0.63, 4.35, 12.14]","[5771, 5778, 5794]",0.0,17343.0,"['MTUM', 'SPY', 'GLD']","[5781, 5781, 5781]",0.0
2024-04-30,"['SPY', 'IWM', 'MTUM', 'EFA', 'TLT', 'IEF', 'LQD', 'DBC', 'VNQ', 'GLD']","[501.98, 195.9, 177.11, 77.27, 88.22, 91.43, 104.99, 23.34, 79.61, 211.87]","[470.15, 191.18, 159.04, 73.9, 93.31, 93.83, 106.39, 23.53, 82.18, 189.32]","[10.16, 6.4, 13.68, 5.05, -6.77, -3.72, -1.73, 0.11, -2.07, 11.29]","[5465, 5547, 5953]",0.0,16965.0,"['MTUM', 'GLD', 'SPY']","[5655, 5655, 5655]",0.0
2024-05-31,"['SPY', 'IWM', 'MTUM', 'EFA', 'TLT', 'IEF', 'LQD', 'DBC', 'VNQ', 'GLD']","[527.37, 205.77, 186.6, 81.18, 90.45, 92.8, 106.89, 23.27, 83.24, 215.3]","[477.11, 191.88, 163.03, 74.57, 92.35, 93.54, 106.29, 23.39, 81.98, 192.61]","[12.66, 9.75, 17.45, 9.28, -3.71, -1.51, 0.24, 2.09, 1.94, 11.88]","[5958, 5746, 5941]",0.0,17645.0,"['MTUM', 'SPY', 'GLD']","[5881, 5881, 5881]",2.0
2024-06-28,"['SPY', 'IWM', 'MTUM', 'EFA', 'TLT', 'IEF', 'LQD', 'DBC', 'VNQ', 'GLD']","[544.22, 202.89, 194.87, 78.33, 91.78, 93.65, 107.12, 23.23, 84.79, 215.01]","[486.5, 193.31, 167.79, 75.25, 91.86, 93.42, 106.39, 23.25, 82.22, 196.11]","[11.13, 1.13, 16.94, 1.64, -4.89, -1.51, -1.39, 2.17, -0.66, 9.37]","[6141, 6068, 5873]",2.0,18084.0,"['MTUM', 'SPY', 'GLD']","[6028, 6028, 6028]",0.0
2024-07-31,"['SPY', 'IWM', 'MTUM', 'EFA', 'TLT', 'IEF', 'LQD', 'DBC', 'VNQ', 'GLD']","[550.81, 223.86, 190.97, 80.36, 94.81, 96.07, 109.56, 22.58, 90.41, 226.55]","[498.83, 198.02, 172.92, 76.39, 92.47, 93.87, 107.14, 23.02, 83.7, 201.62]","[11.33, 13.33, 12.81, 5.41, 0.9, 1.9, 1.92, -3.36, 8.5, 14.19]","[5907, 6100, 6351]",0.0,18358.0,"['GLD', 'IWM', 'MTUM']","[6119, 6119, 6119]",1.0
2024-08-30,"['SPY', 'IWM', 'MTUM', 'EFA', 'TLT', 'IEF', 'LQD', 'DBC', 'VNQ', 'GLD']","[563.68, 220.08, 197.37, 82.98, 96.49, 97.07, 111.21, 22.11, 95.13, 231.29]","[513.38, 203.58, 178.91, 78.0, 93.76, 94.62, 108.35, 22.78, 85.92, 206.34]","[11.33, 7.5, 12.88, 7.23, 2.68, 2.76, 3.4, -4.15, 11.54, 15.04]","[6247, 6015, 6324]",1.0,18587.0,"['GLD', 'MTUM', 'VNQ']","[6195, 6195, 6195]",2.0
2024-09-30,"['SPY', 'IWM', 'MTUM', 'EFA', 'TLT', 'IEF', 'LQD', 'DBC', 'VNQ', 'GLD']","[573.76, 220.89, 202.76, 83.63, 98.1, 98.12, 112.98, 22.27, 97.42, 243.06]","[525.12, 207.7, 184.18, 79.12, 94.42, 95.09, 109.02, 22.61, 87.49, 211.77]","[12.78, 9.81, 15.04, 8.4, 5.71, 4.16, 5.38, -4.31, 14.68, 19.52]","[6510, 6364, 6344]",2.0,19220.0,"['GLD', 'MTUM', 'VNQ']","[6406, 6406, 6406]",2.0
2024-10-31,"['SPY', 'IWM', 'MTUM', 'EFA', 'TLT', 'IEF', 'LQD', 'DBC', 'VNQ', 'GLD']","[568.64, 217.76, 202.41, 79.22, 92.45, 94.52, 108.99, 22.59, 94.15, 253.51]","[534.45, 209.41, 188.73, 79.51, 93.78, 94.9, 108.85, 22.67, 88.07, 218.01]","[12.9, 9.84, 16.84, 3.55, 1.79, 0.9, 2.42, -2.39, 12.04, 18.39]","[6681, 6394, 6190]",2.0,19267.0,"['GLD', 'MTUM', 'SPY']","[6422, 6422, 6422]",1.0
2024-11-29,"['SPY', 'IWM', 'MTUM', 'EFA', 'TLT', 'IEF', 'LQD', 'DBC', 'VNQ', 'GLD']","[602.55, 241.87, 216.52, 78.97, 93.97, 95.19, 110.55, 22.14, 98.16, 245.59]","[546.42, 214.3, 193.82, 79.91, 93.51, 94.77, 108.89, 22.65, 89.49, 223.72]","[14.79, 18.29, 19.23, 0.29, 1.39, 0.81, 2.07, -3.53, 11.37, 11.81]","[6221, 6869, 6804]",1.0,19895.0,"['MTUM', 'IWM', 'SPY']","[6631, 6631, 6631]",2.0
2024-12-31,"['SPY', 'IWM', 'MTUM', 'EFA', 'TLT', 'IEF', 'LQD', 'DBC', 'VNQ', 'GLD']","[586.08, 220.96, 206.92, 75.61, 87.33, 92.45, 106.84, 21.38, 89.08, 242.13]","[554.22, 216.03, 196.29, 79.74, 92.82, 94.6, 108.8, 22.59, 89.85, 229.0]","[7.6, 2.59, 8.92, -4.24, -8.64, -3.51, -3.12, -4.6, -2.99, 9.37]","[6336, 6057, 6449]",2.0,18844.0,"['GLD', 'MTUM', 'SPY']","[6281, 6281, 6281]",1.0
2025-01-31,"['SPY', 'IWM', 'MTUM', 'EFA', 'TLT', 'IEF', 'LQD', 'DBC', 'VNQ', 'GLD']","[601.82, 226.48, 219.13, 79.24, 87.76, 93.02, 107.46, 21.97, 90.55, 258.56]","[562.09, 217.65, 199.47, 79.68, 92.14, 94.43, 108.66, 22.49, 90.25, 234.29]","[10.6, 6.27, 15.3, 2.27, -5.31, -1.93, -1.3, -1.07, 1.48, 15.03]","[6707, 6651, 6449]",1.0,19808.0,"['MTUM', 'GLD', 'SPY']","[6602, 6602, 6602]",2.0
2025-02-28,"['SPY', 'IWM', 'MTUM', 'EFA', 'TLT', 'IEF', 'LQD', 'DBC', 'VNQ', 'GLD']","[594.18, 214.65, 218.43, 81.58, 92.43, 95.32, 109.61, 22.0, 93.9, 263.27]","[571.31, 219.52, 203.6, 80.11, 92.56, 94.82, 109.12, 22.35, 91.68, 239.43]","[4.92, -3.39, 7.78, 2.54, -0.6, 0.5, 0.38, -0.23, 1.96, 15.48]","[6580, 6722, 6518]",2.0,19822.0,"['GLD', 'MTUM', 'SPY']","[6607, 6607, 6607]",1.0
2025-03-31,"['SPY', 'IWM', 'MTUM', 'EFA', 'TLT', 'IEF', 'LQD', 'DBC', 'VNQ', 'GLD']","[559.39, 199.49, 202.13, 81.73, 91.03, 95.37, 108.69, 22.5, 90.54, 288.14]","[574.51, 218.89, 205.15, 80.17, 92.61, 95.08, 109.3, 22.28, 92.41, 246.71]","[-1.49, -7.9, -0.55, 2.08, -2.07, 0.29, -0.78, 1.62, -1.08, 21.77]","[7231, 6113, 6220]",1.0,19565.0,"['GLD', 'EFA', 'DBC']","[6521, 6521, 6521]",2.0
2025-04-30,"['SPY', 'IWM', 'MTUM', 'EFA', 'TLT', 'IEF', 'LQD', 'DBC', 'VNQ', 'GLD']","[554.54, 194.86, 209.63, 84.75, 89.47, 96.07, 107.98, 20.57, 88.33, 303.77]","[575.55, 218.09, 206.63, 80.81, 92.38, 95.32, 109.39, 22.01, 92.77, 255.59]","[-0.19, -6.83, 5.33, 6.83, -0.39, 2.68, 0.44, -8.94, -0.03, 21.53]","[6874, 6761, 5961]",2.0,19598.0,"['GLD', 'EFA', 'MTUM']","[6532, 6532, 6532]",2.0
2025-05-30,"['SPY', 'IWM', 'MTUM', 'EFA', 'TLT', 'IEF', 'LQD', 'DBC', 'VNQ', 'GLD']","[589.39, 205.07, 231.54, 88.81, 86.28, 94.57, 107.77, 20.88, 89.32, 303.6]","[579.4, 216.21, 210.68, 81.65, 91.53, 95.17, 109.21, 21.84, 92.66, 263.29]","[3.76, -3.69, 11.87, 8.88, -5.75, -0.27, -0.89, -4.88, -1.37, 19.97]","[6528, 6844, 7214]",2.0,20588.0,"['GLD', 'MTUM', 'EFA']","[6862, 6862, 6862]",2.0
2025-06-30,"['SPY', 'IWM', 'MTUM', 'EFA', 'TLT', 'IEF', 'LQD', 'DBC', 'VNQ', 'GLD']","[617.85, 215.79, 240.32, 89.39, 88.25, 95.77, 109.61, 21.81, 89.06, 304.83]","[584.82, 215.78, 214.98, 82.29, 90.71, 95.04, 109.05, 21.81, 92.05, 270.65]","[8.56, 4.36, 15.54, 10.59, -0.89, 1.88, 1.87, -0.68, 0.77, 18.47]","[6889, 7122, 6906]",2.0,20919.0,"['GLD', 'MTUM', 'EFA']","[6973, 6973, 6973]",0.0
2025-07-31,"['SPY', 'IWM', 'MTUM', 'EFA', 'TLT', 'IEF', 'LQD', 'DBC', 'VNQ', 'GLD']","[632.08, 219.39, 241.29, 87.52, 86.92, 94.9, 109.11, 22.45, 89.14, 302.96]","[590.65, 215.63, 218.83, 82.68, 89.59, 94.72, 108.66, 21.83, 91.22, 276.64]","[9.02, 2.28, 12.99, 5.13, -3.41, -0.33, 0.43, 3.42, -0.49, 12.5]","[6930, 7001, 6827]",0.0,20758.0,"['MTUM', 'GLD', 'SPY']","[6919, 6919, 6919]",1.0
2025-08-29,"['SPY', 'IWM', 'MTUM', 'EFA', 'TLT', 'IEF', 'LQD', 'DBC', 'VNQ', 'GLD']","[645.05, 235.17, 243.73, 91.48, 86.6, 96.15, 109.8, 22.21, 92.24, 318.07]","[598.29, 217.37, 222.96, 83.91, 89.0, 94.88, 108.74, 21.79, 91.03, 283.09]","[8.62, 9.57, 10.34, 7.48, -4.14, 0.73, 0.35, 1.68, 0.49, 17.02]","[6988, 7264, 7060]",1.0,21313.0,"['GLD', 'MTUM', 'IWM']","[7104, 7104, 7104]",1.0
