2023-Q3,2023-Q4,2024-Q1,2024-Q2,2024-Q3,2024-Q4,2025-Q1,2025-Q2,2025-Q3
KEP,CEPU,KEP,EC,KEP,KEP,KEP,EC,GEF
KT,SONY,KT,KEP,KT,TEO,KT,LPL,TOL
LOMA,GGB,SKM,KT,PKX,LOMA,PKX,CEPU,DG
CEPU,HE,EDN,PKX,SKM,SONY,SKM,MDU,DXLG
CCU,GPRK,TEO,EDN,EDN,BNED,CRESY,TGS,DKS
SKM,RNW,PKX,TEO,CEPU,ASX,EDN,HMC,HPQ
CIG,MTDR,CCU,LOMA,LOMA,RDY,TEO,TM,HRL
SIM,CTRM,TGS,CEPU,CCU,GTN,CCU,TAK,BJ
UGP,HVT,LOMA,TGS,TGS,BWMX,TGS,RNW,LOW
PAGS,METC,CEPU,HMC,SONY,SSP,LOMA,PHI,COO
CPAC,CENX,PHI,CCU,RNW,ERIC,WHLR,TKC,DY
RIME,ECVT,TKC,TM,TV,GGB,SONY,SONY,MOV
SID,MAT,ASGN,TAK,PHI,SIM,PHI,RDY,DE
LPL,OPRA,RDY,PHI,TKC,VNCE,TKC,WIT,MDT
AFYA,DFLI,ASX,SONY,WIT,ELP,ASX,BWMX,BRID
ASTL,ASTL,UMC,RNW,RDY,BRFS,UMC,UMC,HD
TGS,SPHR,MESA,TKC,ASX,VIV,BATL,UGP,NTAP
ESEA,BIO,CHT,WIT,UMC,MTW,CETX,GGB,AMAT
ZENV,CCEC,CIG,RDY,SSP,TSM,CHT,BATL,SJM
HEPS,RILY,BWMX,ASX,GGB,CSIQ,GGB,PAGS,BURL
CSIQ,LVRO,SIM,UMC,CHT,ABEV,PAGS,CHT,ULTA
TKC,WLKP,BRFS,BWMX,CIG,AP,CIG,BRFS,OKTA
BRFS,ITRN,GGB,CHT,SIM,ZIM,BRFS,SOL,NCNO
SUZ,LUMN,VSTA,SIM,UGP,LCUT,SIM,SUZ,WDAY
EDRY,FCFS,COKE,GGB,GTN,GT,TSM,AMCX,SMTC
SPHR,GENC,GTN,CIG,ERIC,AYTU,ERIC,ERIC,MDB
CMCL,CNVS,PAGS,UGP,CSAN,STKS,LIVE,KELYA,S
SMC,BVN,ZIM,AWX,BRFS,FLWS,SUZ,KELYB,NVDA
ARCO,NVT,AMBI,SOL,SUZ,TX,UGP,FRGT,CRWD
FPAY,HPP,AMCX,KARO,AWX,LIVE,STNE,ONEW,
HHS,PETS,VIV,BRFS,TSM,AHCO,VIV,CATO,
GSM,TRIB,ELP,HOUS,MIND,ANDE,KSS,AWX,
IDAI,SKLZ,TIMB,VIV,WILC,NCSM,ZIM,AXL,
LDWY,USAC,IMPP,LND,CPAC,MERC,ZENV,BRY,
GRFS,INFA,WILC,QVCGA,SBS,GOCO,ELP,BTE,
ELLO,ARAY,AFYA,ELP,VIV,CNXC,TIMB,REI,
AQB,AMSC,HE,TSM,ELP,BG,AMCX,STNE,
SGRP,CMBM,ASTL,TIMB,ONIT,SCHL,LDWY,ELP,
MGIC,GP,SBS,SDOT,TIMB,TRVG,GDOT,AFYA,
HIMX,AVDX,GM,STRT,AMCX,ACB,CPAC,GTIM,
KORE,BRBR,YPF,SBS,ZIM,SENEA,PDS,LIVE,
AVD,MSFT,TPC,CPAC,MVST,SENEB,OPAL,AMPY,
LVRO,IMG,BDL,CATO,VTLE,OIS,AFYA,TX,
BVN,SLI,BWLP,RYAM,OBE,MIND,BTE,VFF,
ALSN,CBOE,SGRP,GTN,AFYA,RCKY,M,GM,
ACNT,QMCO,TX,FDP,GM,PANL,GM,HLLY,
SMID,CRGO,TCOM,GM,ABEV,UVV,CCLD,ARTW,
MESA,IDXX,PDS,CCLD,YPF,CCS,OBE,NUS,
SIMO,APPN,CTRM,ABEV,CVAC,VHI,IMPP,PDS,
AGAE,VFS,TK,AFYA,KSS,MPAA,ZUMZ,CIVI,
MVST,TXG,WLFC,GTE,ADNT,SHIP,ALGT,FRD,
VRME,VIR,TDS,YPF,BRY,PDS,DXC,CRGY,
NAT,BCRX,BWEN,GTIM,SENEB,ESEA,STRT,SWAG,
SSTI,,CMRE,ZIM,EBS,NC,CIVI,ARKO,
IZEA,,SLQT,FSI,SENEA,HBB,REI,SEB,
TSQ,,KODK,HZO,BTE,GSL,WILC,GFR,
TCX,,BV,IMPP,KTCC,VLGEA,GFR,OBE,
ORLA,,GTIM,OBE,EFXT,ATNI,GIII,ADNT,
MOGO,,SUZ,SENEA,CCLD,CIVI,CMRE,JOUT,
TRMB,,BH,ONEW,NUS,THS,ABEV,PARR,
CMBM,,WKC,ASIX,PDS,REI,NBR,GBX,
DLPN,,MTEX,GFR,HOUS,CCLD,AXL,LBRT,
DWSN,,TAC,SENEB,REI,SBGI,VLGEA,EPC,
EVLV,,GASS,VHI,PETS,CMRE,STKS,FDP,
ICCC,,UGI,SPTN,STNE,LEA,NUS,MOGO,
SKLZ,,GSL,WKC,ODP,NOV,BMBL,DINO,
SQNS,,ABEV,ESEA,JRSH,CVS,ESEA,IMKTA,
SBET,,EBR,BDL,F,GASS,RUN,LEA,
MYNZ,,ESEA,GLBS,LND,HOV,ASIX,HOG,
DLO,,SR,REI,SXC,GOOS,CVE,ZIM,
ZEO,,PXS,OI,VET,DFH,TLF,FET,
ADSK,,PUMP,BTE,IMPP,TTE,BLMN,SMP,
RILY,,CLW,ATNI,BH,SND,BWLP,RUN,
MAXN,,TIGO,TG,FSTR,TPH,GSL,THO,
UAVS,,IMKTA,CMT,GPRE,DXC,SLQT,SBH,
SLI,,BEPC,IMKTA,DBI,BBCP,BTU,WILC,
EAF,,DTI,RMAX,CIVI,RMAX,EFXT,DLX,
AREC,,GDOT,GT,AMPY,IMPP,SCSC,BH,
PLAG,,DAC,F,ORN,AVNW,CNC,APA,
XBP,,OBE,UAL,MCS,CNVS,TTEC,NOA,
ADN,,GPI,WLFC,RNGR,SIRI,KELYA,CENTA,
CLRO,,SHIP,SWIM,AXL,BSET,KELYB,EGY,
HYLN,,CSIQ,DOLE,NTGR,VTOL,VET,RNGR,
CELU,,NWN,AXL,STRT,MEC,PENN,GSL,
CENN,,SSP,PXS,MGNX,EGY,PVH,MEOH,
NTRP,,CGAU,PDS,UAL,ABG,MEOH,TAP,
REE,,FRD,AMS,CVE,SGA,SM,VTOL,
DGLY,,AXL,ALK,CLW,KODK,PXS,BORR,
VFS,,SNCR,ANDE,ASIX,HPE,NOA,ASLE,
SOND,,E,ALGT,MRC,TGNA,E,KOP,
PSNY,,IAG,TK,ESEA,CMCL,SAH,BLMN,
CLIR,,F,VLGEA,SEM,RGS,SBH,HOV,
TRIB,,REI,WBA,ALK,SM,DAC,FLXS,
XELB,,DWSN,SKLZ,ABG,SXC,TX,SEM,
ZVRA,,ULH,RNGR,TEAD,PSFE,GLDD,BDL,
LZM,,RCKY,SHIP,TGNA,SNX,F,DAC,
,,ABG,VTLE,DAC,PBYI,DLX,ALK,
,,LUMN,LEA,SU,MD,ARW,ACHC,
,,SHEL,JBLU,PANL,KEQU,ECPG,AMRC,
,,FDP,PAM,GSL,AMRC,LAD,BWLP,
,,SU,SMP,OPFI,APA,CVS,SRPT,
,,CVE,CMCL,OVV,ARW,ABG,SHIP,
,,DIT,RYI,TK,MOS,HZO,NTR,
,,SCSC,CTRM,SBGI,OSK,EGY,CENT,
,,TLF,TWIN,FDP,WMK,ULBI,BV,
,,PBR,AMPY,VTOL,TNK,GOOS,NOV,
,,KGEI,XRX,NC,SU,IMKTA,VLGEA,
,,BG,FF,GTE,GRFS,ZEUS,PBR,
,,MDU,CMRE,BG,CHRD,FDP,OEC,
,,CRWS,CNC,PBYI,DDI,PSKY,CE,
,,LAD,SSP,BZFD,TSN,NWN,OVV,
,,GLDD,TAP,AGRO,EQNR,TPC,BP,
,,GIFI,SGA,BTU,BORR,HOG,RMAX,
,,ENVA,BWA,CMT,HVT,APA,XPRO,
,,EQNR,CVS,GASS,DHX,KE,ULH,
,,AVA,CENTA,FOR,IMO,MOV,ANDE,
,,SNCY,DCGO,PARR,RCI,EMA,GAU,
,,BKH,IAG,M,PRAA,EQNR,AHCO,
,,R,HOV,BWLP,SBH,SNCY,SNX,
,,DDI,RUN,FMS,GEF,UGI,BCE,
,,AGRO,ESOA,PBR,ASTE,AL,UAL,
,,MDRR,HLLY,ICL,VIRC,NE,WERN,
,,DINO,DAC,NOA,HHH,DDI,EFXT,
,,CMT,SEM,KGEI,UGI,LOVE,SENEA,
,,TGNA,CVE,MDU,EFXT,CHRD,SON,
,,T,HOG,GIFI,ZEUS,GBX,SPB,
,,ARW,AHCO,MD,CRI,PUMP,SENEB,
,,TGB,SEB,AHCO,RMR,RCKY,ESEA,
,,BP,CVEO,EQNR,ACMR,SMC,SIRI,
,,PAM,NWPX,GPRK,GHC,NVGS,TRMD,
,,POR,ENVA,SAH,RNGR,VTOL,NOG,
,,LOCO,ARKO,BXC,DNOW,BZH,DAL,
,,GTE,RUSHB,BBCP,ARCO,OIS,CMT,
,,MRC,SU,KOP,OEC,CMT,CNXC,
,,FTS,MRC,PAM,GNK,MOS,CWH,
,,STRT,KE,REPX,TBLA,SEB,SSTK,
,,CIVI,ARKR,SHEL,VC,APEI,WBD,
,,NOK,ACB,BV,AES,BCE,TTI,
,,PANL,GSL,GHC,AL,SU,KBH,
,,SAH,R,GIII,FARM,TRMD,MOS,
,,VTOL,OPFI,PPIH,ADM,CMCL,IMXI,
,,ASC,CRGY,LEA,SAH,SIRI,MD,
,,FSM,WHR,CRNT,XPRO,GENC,SU,
,,EPC,BV,NOV,USIO,VSTA,ANGI,
,,ARIS,VTOL,RYAAY,R,CNXC,AL,
,,PNRG,CNXC,SHIP,GPRK,DGLY,HPK,
,,PTEN,NC,CHRD,ACI,NOG,MHK,
,,RYAM,WVVI,DCGO,RLGT,CGAU,ADM,
,,TNK,NOA,KE,BDL,RCI,RMR,
,,ECPG,GBX,BWA,CWK,NC,TNK,
,,IBEX,TGNA,SBH,BTU,PBR,MPAA,
,,ADM,FLXS,PVH,MAN,SSTK,WTTR,
,,COOP,E,AL,SNCY,UAL,REPX,
,,CCLD,TIGO,SGA,ORN,ULH,HE,
,,AER,BDN,R,ASM,SR,ZD,
,,WMK,RUSHA,FSM,E,BWA,AA,
,,SEI,FMS,HP,UAL,RGS,ASO,
,,CVS,ADAP,CGAU,DVN,CALM,GPI,
,,SKYW,AGRO,LBRT,PXS,SXC,DVN,
,,OGS,CENT,NGS,SNCR,FUBO,BSET,
,,GPRK,RES,SCS,CHCI,AYTU,GT,
,,AL,DAN,GPI,DLTR,BWMX,APT,
,,PBF,ICL,FUN,KE,WNC,M,
,,CPAC,KOP,DOLE,MLKN,GPI,WLFC,
,,CALM,ARW,CXW,KBH,ONEW,SPTN,
,,SEB,ASTL,IAG,PPIH,GTN,RCKY,
,,WCC,NTR,INVX,GETY,SPTN,ABG,
,,RNW,TX,E,STRT,HPK,DLHC,
,,SDOT,CIVI,PNRG,RYI,UPBD,R,
,,THC,HBB,VHI,CVE,AGRO,CAL,
,,EBS,KELYA,SNX,KHC,TIGO,STNG,
,,CSAN,BXC,MOS,MHK,TNK,ASC,
,,APEI,BTU,LAD,GILT,USNA,MTDR,
,,SWX,REPX,ESCA,TAP,MUR,PLAY,
,,PRTH,KELYB,MUR,UHS,ACTG,LOMA,
,,TPH,ACU,SM,GXO,LEDS,RES,
,,TTE,BKTI,HPK,APTV,AQN,MTX,
,,NOA,AQN,ARKO,ASLE,MTDR,ARCB,
,,VALE,SEI,DXC,SVM,XPRO,DXC,
,,HFFG,TAC,SFL,NXST,DIT,E,
,,LBRT,DAL,AIRT,NWPX,EPC,TTE,
,,SATS,ECPG,CBRL,PTLO,REPX,VHI,
,,LILA,NOV,VSCO,RUSHB,BV,TUSK,
,,ICL,SBH,KEN,ULCC,VEON,OGN,
,,LILAK,AP,CVLG,PK,HBM,SSRM,
,,NWE,ULH,CSIQ,GPI,HCSG,TIGO,
,,MEC,TWI,ZEUS,MTDR,RMR,KMX,
,,IMO,KGEI,SPTN,RUSHA,R,PBYI,
,,PAG,M,MAPS,BRY,ASC,EQNR,
,,FLEX,EML,CABO,CMCSA,HE,CGAU,
,,NGVC,MHK,PR,ENVA,SEM,SGC,
,,WEYS,DHX,SND,AMKR,EYE,GIII,
,,SGC,TTE,EGY,AVO,FTS,UHS,
,,DLX,TDS,OSK,NWN,BKH,CALM,
,,MLR,SND,ECPG,KGEI,SHEL,MAPS,
,,NGS,NWL,APEI,VAL,VC,HOUS,
,,ACI,AL,RYI,BOOM,UNFI,LCII,
,,AN,WFG,GSM,HP,TTE,UNFI,
,,PCG,THO,ECVT,DLX,SSRM,SKYW,
,,FTK,UNFI,PK,T,UVV,EML,
,,OVV,LBRT,DAL,REX,PAG,HFFG,
,,REPX,JOUT,MTDR,MATV,MBUU,GO,
,,TRMD,OVV,VFF,AU,EIX,GRNT,
,,PSIX,DLX,NOG,XRX,DLTH,CMCL,
,,BTU,CVLG,TX,VZ,BOOM,CYH,
,,BTG,CSAN,CUK,SBLK,PR,CVGI,
,,SHEN,LOCO,NWPX,TECK,IMO,CVLG,
,,HNRG,APDN,TSN,CCEC,SWX,FOSL,
,,NC,T,APT,CVI,CSIQ,OPEN,
,,ALGT,CRNT,ALTO,APT,VTLE,ABL,
,,SXC,PPC,PED,SID,SCL,MLR,
,,PPC,EMA,DLX,ODP,AER,CCLD,
,,VET,CVR,VRA,SR,GIFI,ASGN,
,,TIXT,DXC,UNFI,GAP,MDU,WMK,
,,UTL,IMO,DXLG,SWX,EBR,HAL,
,,SBET,EPC,ARCB,LBRT,VALE,LESL,
,,EZPW,COOP,SKYW,ULH,SKYW,OXM,
,,KW,CHRD,IDAI,MYE,CVGI,TGNA,
,,SBH,APA,GILT,HLX,OGS,PR,
,,GEO,CLDT,SGC,PAGS,INSW,VAL,
,,HEPS,WMK,HPE,SCS,POR,ACI,
,,VLO,CMCT,DVN,CPS,TUSK,ECPG,
,,NFG,KTCC,PNW,ICL,ENVA,SD,
,,MEOH,HP,TAP,FOSL,MVST,TEO,
,,ATGE,FL,HELE,CEPU,CNVS,FOR,
,,GENC,HPE,IMO,BWEN,PAM,RUSHA,
,,LPL,RMR,CAL,SFL,HVT,DRH,
,,DNOW,MTW,ENVA,CMCT,CVLG,SMC,
,,DOLE,LXU,KOS,RNW,AP,DOOO,
,,HCC,PK,WCC,TV,NGS,SBDS,
,,ES,LCII,MPAA,ESCA,XHR,WHLR,
,,MHO,SM,SPWH,TIGO,AVA,TTEC,
,,CRESY,CNH,RCI,CNH,STNG,BRLT,
,,MHK,NGS,HOG,BKH,AA,STRR,
,,CMCT,DINO,VALE,HEPS,RGNX,MUR,
,,HY,OIS,TIGO,HOUS,BDL,JILL,
,,CHRD,EZPW,CNH,ADT,LCUT,FSTR,
,,CNR,CABO,HY,MAT,NOV,CSAN,
,,PAHC,SID,GTIM,WEYS,BGS,BC,
,,EFXT,EGY,IMKTA,PR,CNQ,RUSHB,
,,TS,ARTW,RUSHB,SKYW,LPL,ITRG,
,,BTE,VALE,ULH,EZPW,FSM,CMCT,
,,VTRS,ACI,PRIM,CSAN,WOOF,GEF,
,,CNDT,DDI,TTE,TTI,ASTE,APTV,
,,GOCO,GIFI,SMP,NOG,ODP,ACU,
,,CABO,CXW,CNDT,TTEC,NAII,HOFT,
,,UHS,ESCA,VYX,RES,MTW,ATNI,
,,CHTR,KEN,AP,PLAB,IPI,AAL,
,,GRNT,ZENV,CAPS,CLW,CMCT,FSI,
,,PSFE,WTTR,AXR,REZI,MHO,ENVA,
,,RGCO,LPL,NEXN,REPX,LOCO,TCMD,
,,SFL,FTS,CMC,MHO,WKC,EGO,
,,MAN,NGD,UVV,AA,FET,JELD,
,,FLXS,SATS,BBU,MUR,PFSI,NOMD,
,,NI,AMCX,AVO,DAL,ASTL,POR,
,,RES,SVM,CCL,WDC,EBS,VSTA,
,,ENB,AER,SCSC,UONEK,GT,SIGA,
,,PRDO,BCE,RES,CRTO,TIXT,TOL,
,,BGFV,TRN,NTWK,EDUC,PCG,ARRY,
,,CVLG,HPK,MLR,MEOH,HEPS,UEIC,
,,ONIT,RCI,GT,BRSL,ACI,TEAD,
,,PAMT,COMM,HEPS,GIFI,GORV,HSII,
,,AP,GPRK,FTS,CHTR,CLW,SGA,
,,TWIN,WHLR,WHR,NEM,AMRC,RCI,
,,HBM,TS,LXFR,ARKR,PLAB,MPC,
,,SANG,SBDS,CATO,SPTN,GAP,USNA,
,,VZ,ULCC,WTTR,AXL,CMCSA,MATV,
,,HP,EFXT,QVCGA,TWIN,THC,VC,
,,GHC,GLDD,LPL,ZD,SRI,MATX,
,,IRBT,MAGN,SID,DAKT,CSAN,GTN,
,,NJR,BOOM,REZI,PAM,ES,CBRL,
,,ASYS,LDWY,PPC,BATL,CMBT,EZPW,
,,LFVN,KODK,POR,DBI,EGO,RYI,
,,TWI,ASC,CVGI,INSW,UHS,NUE,
,,CVGI,TSN,FRD,AUDC,CHGG,THRY,
,,EXC,AAL,WBD,NVGS,RGCO,CMC,
,,NCSM,ERIC,CRESY,ORGO,IMXI,JBLU,
,,STNG,MIND,TEO,DAR,DG,BCC,
,,IPI,VLO,RCKY,IPG,NJR,STKS,
,,MATW,APTV,PAMT,NE,GTE,AER,
,,KE,GORV,VAC,ARCB,VREX,PPIH,
,,KGC,UHS,AER,ALV,LBRT,PENN,
,,LPG,LIVE,DAN,MATX,SD,TRIP,
,,GNK,PAGS,CMCT,UONE,RES,KVHI,
,,BCE,GCI,ARIS,CRSR,CBRL,BOOM,
,,HOG,PAG,DLTH,ASIX,CVR,UONEK,
,,AWX,CNDT,STKS,PAG,STRR,HZO,
,,INSW,MPC,NEXA,RYAM,OEC,INSW,
,,UGP,MEC,PAGS,HLF,UTL,DIT,
,,QVCGA,MDU,HITI,NTR,TU,PUMP,
,,SGU,FOSL,MEOH,JILL,MGM,SND,
,,ONEW,ADM,GO,LGIH,IPW,LKQ,
,,CVI,NOG,FSI,WCC,MYE,AZZ,
,,CSTE,ARCB,MAGN,SBDS,BBU,DOLE,
,,OPFI,REZI,WMK,TWI,DVN,AKA,
,,SWAG,FET,BVN,SHEL,CRGY,GPK,
,,KELYB,WPRT,EVRG,DOLE,AMPY,CNQ,
,,GSM,SHEL,ATKR,TDS,PINC,BJRI,
,,RNGR,NL,EGO,PLOW,UONEK,JBSS,
,,LVRO,VATE,PRSU,STRR,ESP,LAD,
,,KELYA,WNC,TNK,HCSG,FRD,QIPT,
,,AHCO,DXLG,TPH,QUAD,AVNW,OLN,
,,CCS,PR,BGFV,GTIM,MAGN,CNC,
,,ED,SKIL,GCO,HAL,DAL,TDS,
,,SBGI,VSTA,ARCO,CHGG,AVNS,JACK,
,,TRN,SKYW,KAR,REVG,GNE,INVX,
,,KOS,CLOV,CAR,JBLU,PTEN,HUBG,
,,BBU,HDSN,OXY,LAD,GRNT,GPRE,
,,MMLP,ADNT,ANDE,STNG,ENB,AMKR,
,,BZH,PATK,SATS,AN,IMMR,HBM,
,,AES,MUR,RMAX,TBCH,UEIC,APLE,
,,FRO,ONIT,ELLO,OGS,ATNI,AGRO,
,,HTZ,CVGI,AEI,NWE,RYAM,IMO,
,,PRTS,EQNR,NOMD,COLM,KAR,PSX,
,,LXU,TNK,HI,ASO,HUBG,MHO,
,,ORLY,KFY,NATR,CAG,DAN,VZ,
,,POST,CHTR,CSTE,GIII,LCII,SAM,
,,LSAK,PBF,PRTS,URBN,BKKT,FANG,
,,TRP,LYB,DINO,EXC,ICCC,WFRD,
,,ADT,POR,GORV,GOGL,ONIT,FMS,
,,RMAX,CLF,BWEN,IHRT,RUSHA,SNCY,
,,NDLS,MYE,DHX,III,CREX,NWPX,
,,FMS,PARR,RUSHA,CTRM,HP,GDOT,
,,UONEK,HAIN,FET,HFFG,PSMT,GLDD,
,,BWA,VNCE,AYTU,LOCO,NWE,HLF,
,,NOMD,LPSN,CHTR,MGM,EZPW,CETX,
,,AENT,ENB,FPAY,NUS,KHC,MKTW,
,,NXST,RAIL,NXST,AMCX,BORR,NE,
,,GLBS,HTZ,PSKY,PLPC,SW,PTEN,
,,INGR,FDX,CPHC,BHC,NHC,HYFM,
,,KAR,MTDR,FANG,ASC,BP,PSKY,
,,CMCSA,SUZ,VSTA,UIS,BG,EQX,
,,NPKI,TPC,WOOF,COMM,ACCS,WVVI,
,,GNE,IP,TRMD,WKC,TGNA,NVGS,
,,MTX,HVT,VIRC,IART,AMN,BGS,
,,SCOR,PNW,CWK,PPC,KTCC,EDUC,
,,FDX,CAL,GOCO,MTX,SATS,DG,
,,RCI,STKS,ORGO,BXC,ANGI,NGS,
,,OEC,MESA,TDS,ESP,FANG,RRGB,
,,RGP,MATX,MATX,GO,JBLU,DCGO,
,,BOOM,VZ,DNOW,TEAD,PAHC,OPAL,
,,CAAP,PSX,WLFC,DAN,ARKO,ONIT,
,,ATNI,ETD,TIXT,AOUT,IBEX,BTU,
,,SM,PANL,LKQ,FET,AHCO,SCVL,
,,MED,BJRI,CRGY,BGSF,CHTR,TPC,
,,HUBG,DXPE,BP,ACHC,OXM,BG,
,,RVYL,ARIS,TS,TOL,OXY,ASTH,
,,CNP,CMC,VTRS,TSQ,CABO,VTLE,
,,TGT,WILC,HVT,OTEX,MKTW,EXE,
,,EGO,BRY,HLF,IHS,SANG,SKX,
,,PR,KEQU,NFE,PVH,MLR,UFPI,
,,CMBT,ANGI,JBLU,NCMI,DTI,DNOW,
,,MGIC,STNE,UPBD,HYFM,DOLE,HP,
,,MTDR,ULBI,MED,PCRX,OGI,EBS,
,,FYBR,EGO,TEX,ALK,SGU,HVT,
,,ODP,HYFM,IMCC,APEI,TS,VLO,
,,GOGL,GLP,GAP,SONO,ICL,CNX,
,,CHGG,BZH,DTI,LKQ,ZD,OXY,
,,KHC,NCSM,GLDD,NUE,FLEX,CXW,
,,LDWY,QVCGB,SBLK,SCVL,MAPS,CTRA,
,,GILT,MHH,ANGI,TPC,GTIM,NBR,
,,MLKN,BMBL,NCSM,POST,RRGB,AMS,
,,BODI,PUMP,ASO,OGN,TWIN,CRWS,
,,ARKO,INSW,DXPE,KNOP,RUSHB,OGI,
,,HLLY,VEEE,PAG,RBBN,NATR,ADT,
,,STNE,LESL,OIS,ACU,BRY,PAG,
,,MUR,BCC,ASC,NGL,PARR,POST,
,,SNDR,FSM,HDSN,KR,ACEL,QRHC,
,,UONE,SWAG,SDOT,OMC,VZ,BBW,
,,AMR,KOS,CTEV,GPK,PBYI,CRTO,
,,CMCL,ASYS,GNE,AAL,VHI,SWIM,
,,ATO,TOL,GFR,FRO,HST,TSN,
,,XEL,ATER,KRO,CNQ,EPSN,SCL,
,,GPOR,KMDA,PENN,EDRY,ERO,NGL,
,,WTTR,PFGC,HE,HTO,UONE,WBA,
,,MTH,CGAU,WBA,NTCT,VRA,ALGT,
,,PK,MMLP,MTEX,VTLE,CAG,AMPH,
,,CXW,CWEN,MHK,HZO,PRTS,EMA,
,,GDEN,AAP,ADT,PRIM,PAGP,PRAA,
,,NOTE,DIT,GLBS,KW,VAC,GMS,
,,CRGY,ARMN,GNK,CMT,PRIM,MYPS,
,,AEP,BTCT,GRFS,SGC,MED,TE,
,,SID,ZEUS,ACI,LUMN,RMAX,CBT,
,,PDEX,TIXT,KODK,FLXS,JACK,INFU,
,,CAKE,TBRG,CALM,VRNT,AUDC,SRI,
,,BGSF,UONEK,PINC,TUSK,BSET,PLAB,
,,ELA,NRG,PLAY,TROX,BGSF,CUK,
,,CLAR,TU,GRNT,WBD,GO,MERC,
,,BJRI,CWH,OXM,KOP,ACHC,COOK,
,,GAIA,FNKO,KGC,GCI,MNRO,MXC,
,,DXPE,GDOT,USNA,AMS,HDSN,CHTR,
,,WLDN,RDNW,VNCE,FANG,ARMN,VRME,
,,NUS,TROX,CMCSA,WU,GGR,SNDR,
,,CETX,NEXN,UPLD,PTEN,TGT,RICK,
,,DLHC,GNE,AES,MAPS,AMS,CWK,
,,JBLU,FRD,SEB,SNOA,TDS,LUV,
,,ARMN,FEIM,MHH,CRMT,CENX,KSS,
,,JOB,TRP,URBN,MXC,YPF,HTO,
,,WOW,PTEN,CTOS,DG,BNED,OC,
,,ASM,TRMD,OPAL,ADNT,SNDR,DIN,
,,GFR,GIII,PERI,VFC,FMS,FLO,
,,HOFT,TCMD,FTK,MPC,OTEX,CCS,
,,DUK,KSS,ACU,BV,GRBK,VET,
,,EPSN,WOOF,HOFV,HTLD,BJRI,LCUT,
,,CNTY,TTI,TWI,PERI,HFFG,MBUU,
,,HAIN,SCVL,EXC,CVLG,SND,ICFI,
,,SMC,HITI,ONEW,SLVM,WFRD,HST,
,,CRMT,CCRN,SD,BP,NXST,GPOR,
,,FOSL,ATUS,EEFT,HELE,NTWK,VIST,
,,DAR,BGS,KMDA,JELD,CPIX,KOS,
,,VTLE,RGP,RYAM,LINC,JOUT,XIFR,
,,FSI,MNRO,CNR,QIPT,ADT,PNW,
,,GORO,SSKN,AAP,JAZZ,QIPT,DDS,
,,DTE,CMCSA,JAZZ,CCK,FDX,PANL,
,,TUSK,PENN,SNOA,MX,EXC,CABO,
,,KNOP,CTEV,TLYS,UA,LXFR,ETD,
,,CVX,NGVC,SNCY,VLO,HIMX,EDRY,
,,NRG,EXC,HTO,GGR,NRG,QUAD,
,,BAK,IPI,CNQ,TS,RNGR,ASTL,
,,TAP,TEX,PCG,SCL,VNCE,AAP,
,,REZI,STNG,BGSF,GLP,CCO,OI,
,,ALTO,IMCC,MYPS,BZFD,UHG,SXC,
,,MOS,PLPC,FARM,DHT,TTI,SMLR,
,,LXFR,ES,LOCO,ANGI,T,DTI,
,,TU,USFD,HLX,STM,CTOS,GILT,
,,HRB,EVRG,THC,BCC,SLND,CNH,
,,KMI,SCOR,GGR,AMPY,HPP,T,
,,AMPY,SXC,ATCH,VAC,CRTO,IIIN,
,,SLVM,MATV,MNRO,PRGO,CRNC,IPI,
,,CNC,LILA,ARW,BGS,MATX,TITN,
,,LEA,LUV,ETR,TCMD,PENG,MHH,
,,TISI,EDUC,OMI,FDP,STRA,ARKR,
,,EVC,OEC,STNG,PENN,WU,SKIN,
,,EVRG,LILAK,PLAB,WLDN,FE,PXS,
,,USNA,SNDR,UEIC,CRWS,MYRG,BBCP,
,,CWT,EQX,ELAN,WERN,WMK,MTH,
,,ALE,BBCP,SLGN,GENC,MEC,ES,
,,DLNG,POST,IBEX,KNX,MLKN,BVS,
,,CPK,PCG,TU,CMPR,ALV,GRBK,
,,SPB,NUE,ARMK,PHM,TROX,ERO,
,,CTEV,FMC,ARQ,KTCC,WEYS,TGB,
,,SRE,PTLO,ENB,SOL,AENT,TACT,
,,XOM,ARAY,NOTV,MGIC,NCSM,HELE,
,,CCSI,JILL,CNXC,ARKO,HOV,FSM,
,,SUN,LAD,DDI,AEO,KFY,ULBI,
,,LCUT,SLVM,KMX,FSTR,CCS,MAGN,
,,UPBD,UONE,STLD,WD,MCFT,LXU,
,,PBA,UPLD,PLX,SKIL,CTRA,ESOA,
,,IP,EBF,DRH,GMS,ALE,PLPC,
,,PFGC,PRTS,VZ,LEVI,TBLA,PSFE,
,,FET,BC,ADM,BWMN,EWCZ,HBIO,
,,PPL,NOMD,EIX,WOOF,CAH,NATR,
,,CMS,TTEC,GEF,OPAD,MGPI,LGIH,
,,IAC,HCC,ASLE,LND,ADM,KNX,
,,TSSI,FLR,OGE,THRM,MHK,NXST,
,,LRN,KGC,VC,IPW,ESCA,AMR,
,,EML,UFPI,NE,UEIC,COP,ONL,
,,NL,LUXE,CNTY,NL,PBA,IAG,
,,CREX,DAR,AMKR,FOXF,PAMT,TGT,
,,BTCT,BATL,MGM,MCS,DEI,BODI,
,,EGY,XHR,BKTI,OI,ED,NHC,
,,STLD,GMS,MAT,SANW,SRE,PINC,
,,VHI,BP,APTV,UPLD,EB,HY,
,,NEXN,SJM,SSRM,NAII,NI,SMHI,
,,DXC,MCS,BORR,TBI,PSFE,ARHS,
,,HPK,ASO,MTX,EGHT,UCTT,THRM,
,,NWL,PPIH,ELSE,BAND,EVI,MRTN,
,,D,PETS,VLO,FLEX,BBWI,CRI,
,,SBLK,OMI,PRCH,RYN,NOMD,TDOC,
,,TASK,MEOH,INSW,KAR,LXU,GLP,
,,PAGP,ARCO,INGR,LUV,FLXS,UONE,
,,WERN,THC,FL,CALM,VRNT,CTOS,
,,CENX,WERN,SANG,EYE,TRN,JBI,
,,TBRG,MGIC,CVX,KOS,PK,GHC,
,,ADNT,INGR,KR,CZR,CMP,DHT,
,,AMRC,GNK,SBDS,COP,FLO,CCL,
,,LND,APEI,AMS,ASYS,RAIL,WCC,
,,ULBI,CSTE,CNVS,APPS,INVX,PFGC,
,,CNXN,CRWS,IIIV,COTY,QDEL,PENG,
,,SON,NEXA,TRP,FRD,ANF,ASTE,
,,UVV,TPH,EMA,KELYB,HRB,MNDO,
,,DK,MNDO,ASTL,CAL,NWPX,CZR,
,,WEC,MD,COOP,KELYA,PRDO,ATKR,
,,RLGT,DRH,STRR,ATKR,MYPS,VMD,
,,DOW,CNQ,UTI,LEN,IZEA,FE,
,,MPC,BAND,SPB,NAT,LEA,ACB,
,,DHX,AVA,EYE,HAIN,WLFC,GPN,
,,GPK,GEF,BWMX,HPK,NEM,DAN,
,,ESP,APLE,RIME,CVX,AES,ICL,
,,HLF,MOS,HBM,UAA,BIOX,FL,
,,ARLP,NVRI,LINC,AVNT,WCC,THC,
,,WBD,NUS,INFU,WFRD,PLAY,HTLD,
,,PLPC,MDRR,BGS,SLGN,OMI,TDW,
,,CLOV,NXPL,GVA,PAMT,WDC,AEP,
,,ESPR,KBH,SCL,GSM,MERC,CNR,
,,OPAL,DNOW,CENX,IMKTA,CTLP,EEFT,
,,UPLD,UFI,CMBM,KSS,TSSI,ACTG,
,,HPP,DLHC,OI,ODC,PLPC,DHI,
,,DVN,DVN,ALGT,BWA,UPLD,PRIM,
,,TSN,IDA,MOGO,CROX,DHX,KW,
,,AOSL,GPK,NWE,PII,MITK,CLB,
,,DCGO,MHO,EPC,ETD,AAP,HDSN,
,,CNX,PSFE,VIST,SLB,MOGO,COP,
,,XHR,PII,IDA,TRN,TDW,OTTR,
,,ETD,PAMT,CHGG,SMLR,PAA,ARTNA,
,,BKR,RKDA,HAL,CAKE,ELAN,SLVM,
,,EAT,GPI,CVEO,ACNT,PFGC,AQN,
,,LEGH,PBPB,DOUG,WLFC,KNX,GSM,
,,SCL,CCK,III,BKR,DIS,HLIO,
,,EDRY,GTES,MAN,CRGY,SMP,ALV,
,,B,URBN,XRX,HHS,IAG,MED,
,,AEE,UNF,IMXI,FCFS,NPKI,FOXF,
,,PATK,HSII,TDOC,ED,CZR,GIC,
,,KEN,METC,SLVM,MNRO,HNRG,INGR,
,,MDIA,SLND,VAL,CLAR,PGY,CLF,
,,JBL,DOUG,NWL,THRY,KNOP,RMTI,
,,KEX,PLAB,HZO,INTC,MMS,RFIL,
,,MMS,EYE,LYB,PARR,KRO,BAND,
,,NMM,III,COSM,VMD,NVRI,WFG,
,,ET,SON,FKWL,SNDR,SHIP,CVGW,
,,EQT,LKQ,OPAD,TDOC,FTK,PII,
,,LYTS,MLKN,CAG,XOM,LILAK,ODP,
,,TTSH,QIPT,HTZ,STLD,JBI,PAMT,
,,RUN,TECK,WKC,OTTR,TASK,KODK,
,,SEM,OPAL,TSQ,PSMT,HBB,CARS,
,,GCI,DRVN,ARTW,TEX,CXW,PERI,
,,DEI,PBA,RVYL,SHEN,CPB,SW,
,,WPRT,EIX,ALE,YPF,SMHI,CLNE,
,,ASLE,COOK,BCC,KD,NUE,CRNT,
,,TECK,ADT,MPC,M,SNDL,HITI,
,,BRY,CNTY,XEL,GRBK,PTCT,GPRO,
,,DAVE,UGI,FLEX,HE,DTE,AMN,
,,IDA,MERC,EQX,OMI,LILA,EWCZ,
,,MGM,HUBG,VMD,AMN,B,FORR,
,,CRK,AD,BLDE,EBF,METC,CAPL,
,,NAT,STLD,ACMR,NVRI,FARM,DIOD,
,,ALK,SFIX,LMNR,DUK,HTLD,ARIS,
,,DHT,VC,BODI,NGS,ALK,IFF,
,,BMBL,CCS,ZVIA,RGCO,COR,BKH,
,,VPG,LUMN,TBRG,PBPB,OGN,ASYS,
,,MAPS,JELD,ALV,ALTG,BH,RIG,
,,PAA,TITN,GPK,SPWH,DAR,IAC,
,,OXY,AMRC,MOH,CCRN,SOL,SEI,
,,CTRA,AMR,FE,SCKT,DIN,PBA,
,,WTRG,SWX,WWW,CSGS,AN,PDM,
,,APA,BYD,WERN,ULBI,HPE,ECVT,
,,CMP,CNXN,HPP,PUMP,CLVT,JJSF,
,,ONL,ZDGE,PTEN,WNS,SSP,PATK,
,,ZEUS,CNR,CAKE,KFY,ARTNA,REVG,
,,HRL,HE,CCRN,BEPC,KD,AD,
,,BGS,VET,GPN,SMHI,TAC,ENOV,
,,SMG,HSIC,HNI,FKWL,NMM,TBLA,
,,VC,NXST,SCVL,REYN,XTNT,CHRD,
,,CCRN,AES,GOGL,SANG,KGEI,PTLO,
,,MPAA,BSET,OC,DDS,ICHR,SFL,
,,AMN,CUK,D,NWL,CENTA,ROCK,
,,CINT,HNRG,SNDL,GLDD,CDE,XOM,
,,HOFV,FLEX,POST,BYD,BRSL,MGM,
,,GNLN,KRO,ATNI,LIVN,CBT,HBI,
,,NHC,CTOS,HHH,SMC,GLBS,CNXN,
,,FE,AMN,APOG,CTRA,BYD,FWRG,
,,STRA,AMCR,WVVI,INGR,AMKR,XTNT,
,,PDM,B,TH,RICK,BLBD,INGN,
,,AVNW,EBS,TROX,WOW,SMG,GNTX,
,,MLI,PSMT,AEE,GMRE,NEXA,NWN,
,,FLO,HY,SCKT,ARTNA,NFG,CWT,
,,CENTA,PDM,SNDR,PSX,CRWS,SLB,
,,VEEE,BLMN,WU,KMDA,DHT,STRA,
,,NVRI,ITRN,ARMN,DXPE,OVV,CREX,
,,NTGR,WLY,APLE,OLN,STR,MEC,
,,SFM,OMCL,RDNW,DOW,CRMT,SMG,
,,STKS,BIPC,SVM,VFF,WTTR,EBF,
,,SPHR,OXY,EVC,RUN,ORN,PHM,
,,BYD,SRI,SRI,MBUU,CPK,INMD,
,,PARR,CRNC,GAU,TREE,CF,VTRS,
,,NUE,CMBT,DG,FCEL,WTRG,WOOF,
,,PMTS,PRAA,ADV,GPN,DRH,ATS,
,,WLKP,LCUT,BATL,DIT,LAND,CVX,
,,LKQ,WBD,MATV,GDOT,SEI,STLD,
,,MTW,WLYB,EB,ARIS,ATO,WYY,
,,CBT,MED,FF,KRO,KGC,MCW,
,,EOG,NE,CRWS,IBEX,D,IDT,
,,SVM,LRN,AMRC,WLKP,CLNE,ENR,
,,OI,REVG,AU,ICFI,HAIN,TFII,
,,ARMK,EVC,PFE,LPG,SGA,CLVT,
,,MVST,JAZZ,DK,SLQT,NGVC,KGC,
,,MATX,HPP,CWEN,ES,XOM,MUSA,
,,APTV,OUT,CNC,PBR,EBF,UPBD,
,,IMXI,NWN,UHS,MTH,RIG,LEDS,
,,BXC,CSTL,SMLR,AGCO,HLF,PAGP,
,,SNDL,PBR,XOM,CNC,RELI,IAS,
,,VFF,PRIM,AMN,WBA,INGR,PAHC,
,,HSIC,DHT,OTTR,HSII,POST,CF,
,,SD,DOW,PRLB,WNC,TRP,OMCL,
,,CNQ,XOM,BKR,ASGN,GPN,KGEI,
,,FANG,LWAY,TRN,WHR,SHEN,NEM,
,,ASH,GRNT,PBPB,CNR,CRNT,RYAAY,
,,BDN,INGN,BAND,HITI,ACLS,CLW,
,,SSRM,RELL,AVA,ALIT,DCGO,WOW,
,,MRTN,CVI,BRID,FTI,MGIC,OFIX,
,,PNW,HTO,GXO,INSE,GCI,RMCF,
,,MPX,GO,LAUR,YETI,ETD,REYN,
,,NBR,NWE,TCMD,GBX,FORR,URBN,
,,NE,BGSF,PRAA,VRME,BIPC,BLBD,
,,FNKO,G,PRDO,ONL,PATK,COOP,
,,VNDA,HURN,AEO,CBRL,WBD,MU,
,,CPHC,D,AA,VNOM,AU,SEE,
,,NOG,CAKE,NGVC,OUT,VMD,AVAH,
,,OTTR,HAL,PUMP,IAC,WOR,DLTR,
,,NVST,ACEL,MITK,MGY,CAKE,TRUG,
,,MCK,WEYS,CENTA,CVEO,AR,KAR,
,,APLE,AA,TBLA,MRTN,PSX,WHR,
,,HTLD,NMM,XPRO,BIIB,FRO,JRSH,
,,LEN,SMG,AGX,WTRG,PNRG,CYRX,
,,EYE,APT,CWT,LXU,BZFD,BXC,
,,OGN,DAVE,METC,HSIC,ECVT,PSMT,
,,CVEO,MYPS,CNXN,ARHS,KBH,TSQ,
,,HBB,USEG,PAGP,METC,CCRN,UNH,
,,CLF,KNX,UNF,DLHC,ARMK,NVRI,
,,PGY,MAPS,PAA,EQT,VIST,ICLR,
,,KOP,UEIC,SON,SEAT,CENT,WWW,
,,EXOD,ELLO,AEP,BBW,DFH,UNF,
,,HSII,MMS,FLXS,UCTT,GHC,CSTL,
,,ACA,ADV,TRVG,FNKO,USFD,PAA,
,,DTM,AU,CARS,INMD,HTO,III,
,,AQN,LAUR,HOFT,PDM,GDEN,LILA,
,,ITRN,FWRG,BOOM,LAUR,TG,MTN,
,,SGA,SRTS,NGD,UTZ,MRTN,CNMD,
,,HST,AZZ,DAR,NJR,CNP,HAYW,
,,EIX,CRI,TGB,ESOA,EEX,WLK,
,,ETR,AKA,TSSI,FMC,TFII,ELA,
,,NTWK,ALV,ENR,MOV,VAL,GMRE,
,,BLBD,BBW,SEI,VIST,AOUT,EGHT,
,,CRNT,OGE,B,COOK,RICK,AMCR,
,,WFG,CCSI,ESOA,MRC,APLE,AVA,
,,CLMB,BKH,CMCL,AKA,HLLY,HNI,
,,NSIT,UPBD,SWX,OXY,SPB,OGS,
,,PEG,GORO,CTRA,LCII,MGY,SAH,
,,TPB,TEAD,STR,FSLR,CCSI,MGY,
,,FLNT,GOGL,ALTG,VPG,GPK,ZDGE,
,,BNL,NHC,DHT,ALG,INNV,LILAK,
,,ARCO,HAYW,DTE,SCSC,PPL,PLTK,
,,ESCA,PLAY,CTRN,YCBD,RMCF,HRMY,
,,TH,CVX,DIN,ITRN,ATGE,SFIX,
,,BIO,HIMX,MEC,HPQ,PROP,EOG,
,,EXK,SKX,BMBL,ROCK,ONL,STR,
,,OMCL,CCL,AUDC,CBT,HAL,WU,
,,NWPX,IIIN,ALG,MIDD,CMC,HL,
,,SCHL,TBLA,NUE,HURN,PPC,CDLX,
,,EXE,PRDO,THRM,TITN,AMPH,GRC,
,,NOTV,NBR,MERC,CHEF,STKL,DHX,
,,DIN,GAMB,WLKP,MYPS,WERN,DRVN,
,,UFI,AEE,FTEK,EOG,STLD,WEYS,
,,ANGI,DTE,DSP,PATK,PDM,HBB,
,,HTO,PHM,EOG,HGV,CMS,BYD,
,,AMKR,VIST,FWRG,DENN,KEN,LEGH,
,,CTOS,BGLC,ARKR,RSVR,DUK,COMM,
,,ARTNA,PSIX,CCS,HDSN,TAP,WKC,
,,USFD,SPB,VREX,PMTS,LVLU,SBGI,
,,BIP,UTZ,LEN,BBSI,AMR,IP,
,,LAND,DHI,ARTNA,BRN,SGRP,TBRG,
,,CENT,CHGG,DUK,NVST,GNTX,FUN,
,,AGCO,PAA,WFRD,CNXN,APTV,CCK,
,,MYPS,OTTR,HCSG,BJRI,DXPE,EQT,
,,KNX,ACMR,DNUT,PSIX,FWRG,IZEA,
,,QIPT,FYBR,BBY,HNI,HY,ETR,
,,IOSP,HNI,PSFE,CABO,MTN,SKY,
,,METC,CURV,RFIL,DXLG,API,DFH,
,,UTHR,HST,KNX,FTHM,XEL,USFD,
,,ADTN,CSIQ,ETD,NBR,IHS,TNL,
,,PRLB,DDS,OGN,CACC,HLIO,PRGO,
,,FTLF,OGN,PSX,AD,COOP,UTL,
,,IESC,TH,SLB,CMS,CE,CCSI,
,,ALV,PNRG,ONL,SFIX,GSM,TECK,
,,COP,WOW,LILAK,PFGC,BXC,BMBL,
,,NTCT,CWCO,IP,HRL,MTH,FMC,
,,BCC,EXFY,QDEL,CLNE,FTEK,IVT,
,,MGY,PAGP,DAWN,PSTL,USIO,REZI,
,,AUDC,CTVA,ED,GRNT,CNH,SR,
,,MCFT,XEL,ELA,WWW,MU,MATW,
,,PSX,GPN,LILA,EVC,CVX,ED,
,,AMCR,HTLD,CAPL,BJ,WEC,TPH,
,,CHEF,STR,ACHC,IIIN,MNTK,VREX,
,,ACEL,CAAP,KVHI,SEI,SKX,EVRG,
,,MODV,PLOW,SHEN,XEL,ET,ALTG,
,,EQX,VPG,UFPI,WTTR,EOG,BKR,
,,HVT,BBU,FSP,FLGT,AEP,VRNT,
,,PAYO,CAH,TGT,TRX,APT,DXPE,
,,AEM,LYTS,NCLH,LEU,TEX,APEI,
,,CTLP,MATW,RUN,MU,STM,HIMX,
,,LYB,MAN,MXC,CARS,ARCO,YELP,
,,TG,DUK,PBA,TRP,HLX,VNOM,
,,CHCI,CF,BIO,WLK,ARAY,KFRC,
,,ARKR,ONL,COP,FLO,KOS,AXTA,
,,DGX,CBT,NMM,HLIT,TDOC,CTVA,
,,LTRX,AVNS,BYD,OPFI,MCRB,NTIC,
,,STM,MLR,ITRN,DRH,VTRS,ELAN,
,,FARM,NVAX,T,AXTA,OTTR,NGD,
,,TEX,BVN,LIND,VREX,PHM,TG,
,,HLX,GAU,NVRI,NEU,CAAP,SWX,
,,CLVT,NEM,AD,CSTL,INDV,ACA,
,,STR,SYY,HGV,UFPI,IOSP,SNCR,
,,PHM,DAKT,GTLS,SRE,PPSI,VAC,
,,HZO,GXO,APA,CF,NRDS,CPHC,
,,SRI,OGS,PLPC,ALGT,MOH,RYAM,
,,CCL,OXM,LUV,CP,GFL,DAR,
,,AMS,CPHC,LCII,NSIT,CARS,UA,
,,OPRA,CWK,CCSI,AVNS,ODC,ANF,
,,HCSG,WLK,THS,CRUS,BAND,RRC,
,,RAVE,CAPL,RLGT,NRDS,PII,OGE,
,,DAN,LGIH,HCC,AMCR,HBIO,SKIL,
,,WLK,SR,PTLO,JBSS,BWMN,MNTK,
,,GEL,LAKE,ET,SKX,CRMD,DENN,
,,ADUS,BLDR,GTES,FDX,AVO,PRSU,
,,OTEX,FANG,SJM,KEX,GRC,IHS,
,,AROC,CWT,BJRI,ATO,ARKR,PROP,
,,RILY,WLKP,LYTS,FEIM,SUN,RHI,
,,CNH,OC,KRT,TBRG,SNX,RPAY,
,,RVP,GAP,ROCK,VTRS,ALIT,DUK,
,,HAL,MTH,CENT,BKKT,ARRY,SPHR,
,,RRC,MXC,ASTE,BZH,ULTA,MTW,
,,VREX,DEI,CHCI,RPAY,SEE,ACNT,
,,AVD,THRM,IART,DHI,SFL,VMEO,
,,EHC,NGL,JACK,ALKS,PFE,GIFI,
,,SO,GHC,JOUT,ELAN,ANDE,PRPO,
,,CWEN,EOG,FLYW,NFG,WOW,YETI,
,,EPD,DIN,DHI,PNW,VLO,AR,
,,BORR,LH,RPAY,GNL,DINO,MNRO,
,,EPM,QUAD,NBR,HRMY,ATKR,CNDT,
,,SKX,BH,UPWK,MCFT,LUV,ET,
,,CLNE,RIG,CDE,FL,MPX,DIS,
,,EVI,MGM,WYY,LRN,DOW,ODC,
,,KVHI,CMBM,CZR,FWRG,BCC,XRX,
,,ENR,MOGO,MGY,DIN,TBCH,OMC,
,,DRH,KHC,INMD,CPRI,EML,GPC,
,,SMP,SNCR,INGN,NFE,LKQ,UAA,
,,NOV,VTRS,STRA,RL,SLVM,HSON,
,,DNB,BLDE,REX,FUBO,TEAD,FF,
,,WU,SNCY,WEYS,UNF,ICLR,KEX,
,,BVN,VREX,CRNC,MTZ,GMRE,CWEN,
,,LUV,CLW,SUPN,AEE,BIIB,ACEL,
,,ACTG,NCLH,MNDO,DGX,FCFS,PRKS,
,,AR,BTG,ULBI,DVA,FLNT,BCO,
,,ANDE,KAR,WDC,STN,VNOM,CAKE,
,,GRBK,IESC,RIG,FYBR,TGB,EPSN,
,,ORA,PCRX,ENOV,ETR,OCC,ALE,
,,TBCH,PPL,WEST,PCAR,SBLK,GDEN,
,,JBGS,LVLU,HTLD,CWT,TTSH,BALL,
,,PTLO,MGY,MCW,AGL,ASH,AEE,
,,NFE,CIX,ASGN,CXW,VPG,LEN,
,,KD,COR,HOV,ECVT,DIOD,CNET,
,,PCAR,FORR,ESP,CPIX,BODI,SGRY,
,,DSP,OGI,NHC,GTES,BIO,RAIL,
,,NEM,ALE,HUBG,EVI,TPH,CCRN,
,,MD,EXPE,WOW,WOR,INTC,SCS,
,,FSTR,SLGN,SWIM,CNMD,BWEN,FYBR,
,,DORM,COMP,EPM,G,SHLS,TNC,
,,FOR,KMI,AN,JBI,CPHC,NRDS,
,,SEE,PENG,ARLP,OFIX,AD,REX,
,,GNL,ET,AMR,CTVA,KEX,MLI,
,,PFE,GAIA,TAC,MUSA,BRAG,HCC,
,,WNC,ASTE,G,MGPI,HRL,WLDN,
,,DRVN,ARLP,MNTK,BDN,INFU,SUPN,
,,TROX,ED,LW,BDC,VECO,KMDA,
,,CMI,SAH,JBL,DOOO,IDT,KNTK,
,,BRN,AVNT,MDIA,GIS,PTLO,FLEX,
,,SRTS,VMD,CBT,COOP,PRM,BDN,
,,COLM,ACHC,ACNT,UPS,ASGN,DTE,
,,CDP,RCKY,FTI,ARAY,EVRG,BKKT,
,,FCFS,SCL,NJR,AMR,DNB,SSP,
,,UFPI,AN,USEG,PUBM,PSIX,PAAS,
,,GAMB,WCC,STM,OPCH,WFG,G,
,,TRGP,BRSL,LE,OMCL,HSIC,CDE,
,,PCRX,LPX,MUX,PPL,FYBR,TTC,
,,QVCGB,TNL,FLR,SGRY,ADTN,WEN,
,,SND,UTL,ATGE,RIGL,MKSI,HSIC,
,,ADV,RMTI,DOW,ARQ,PCRX,UPWK,
,,VAC,EPSN,EBF,ICLR,BDN,COLD,
,,ZD,OLN,MATW,RAIL,IIIN,BRAG,
,,GO,DSP,BRAG,LH,ANIP,TXG,
,,TMUS,SEE,ADTN,XHR,GAU,SIG,
,,PINC,MIDD,CCRD,USNA,GAIA,EVC,
,,NGD,CZR,VST,APLE,LUXE,SRE,
,,VITL,CNP,USFD,AIRT,MNDO,LIVN,
,,GPC,LXFR,USIO,CE,TFX,EYE,
,,ICUI,SLQT,BKH,ORA,RELL,BRSL,
,,RBBN,HFFG,INSG,FF,NFE,NPKI,
,,PRGO,DTI,MYRG,CMP,EQT,CHDN,
,,EXFY,ATKR,CF,HST,TNET,NL,
,,BATL,SGC,PCAR,HCC,UAN,LXFR,
,,RELL,COP,EDRY,SMP,BIP,FTI,
,,OSW,ARTNA,OPEN,PAGP,WHWK,FCX,
,,VICI,DORM,SRTS,CINT,UTZ,RYN,
,,OC,DFH,CPIX,SHOO,LEVI,UCTT,
,,BKTI,DVA,OCC,COLL,PAAS,CMI,
,,LPX,LEN,MMS,INFU,AOSL,GETY,
,,CCRD,CAR,JELD,CUK,CP,DELL,
,,MYE,MUSA,XHR,WEC,MATW,BBY,
,,SMLR,ETR,PCRX,MNDO,GXO,MDRR,
,,JOUT,GRBK,BBW,DIS,ARTW,DGX,
,,LCII,SD,TOL,FLL,NEU,MSM,
,,VMI,FOR,SIRI,JRSH,TNL,IOSP,
,,ATUS,OFIX,IIIN,ET,OSK,AUDC,
,,TBLA,FE,NGL,RELL,BAK,PHG,
,,APT,CLMB,FYBR,KMX,CCRD,LH,
,,XPRO,EAT,GAMB,CPK,ARHS,AVNS,
,,EEX,ZD,MRTN,PHG,APPS,DXLG,
,,MGPI,AVO,TTI,IAS,ELA,GAP,
,,OLPX,OSUR,PDM,PRPL,MCW,COMP,
,,CF,SNDL,YELP,DY,RPAY,DKS,
,,OGE,TDOC,LEGH,AZZ,CWCO,ANIP,
,,BCO,LPG,CWH,BC,BJ,NCLH,
,,RIG,MRTN,LCUT,MED,LSAK,AROC,
,,UG,DGII,CNMD,BOOT,CRSR,AG,
,,NEXT,J,UGI,EHC,COOK,TBI,
,,LNTH,GOLF,KELYB,GNRC,HAE,PCAR,
,,PERI,CHCI,LXU,AVTR,ITRN,KRT,
,,COHR,SNX,BLMN,CAPL,QUAD,WTRG,
,,CUZ,CLNE,HURN,SUN,UTHR,BWMN,
,,TZOO,ASGN,AZZ,VNT,CACC,CAR,
,,RSI,SRE,KELYA,CPB,MD,CHGG,
,,MCRI,PVH,TOON,YELP,UPS,CHCI,
,,ECVT,WWW,TLF,SJM,ROCK,BDX,
,,AVNT,DGX,RICK,HOG,MRC,GOLF,
,,FLL,APPS,AMBP,TGT,GIC,JBHT,
,,MOH,ECVT,FDX,MDLZ,NOTE,COLL,
,,NATR,OCC,SMC,ENOV,LW,CVR,
,,MGEE,OPCH,CNK,CNM,EHC,AMC,
,,KORE,EEFT,CODI,TDW,GAMB,WLKP,
,,AXR,FTDR,WLDN,USFD,RMNI,TASK,
,,CZR,TAIT,RIGL,GFF,ENOV,LEVI,
,,OSK,DFIN,HSIC,AVAH,DAVA,INTC,
,,BAND,BHC,MTZ,ZBH,SYY,MOV,
,,GXO,NTGR,SQNS,LFVN,AROC,BKE,
,,HLIO,ADTN,PRGO,TOI,CCEC,JOB,
,,FWRG,THRY,MGIC,HBIO,AMCR,ZBH,
,,MUSA,ODC,SEE,IPI,XRAY,TEVA,
,,KNTK,CMS,INVE,BLDR,CHCI,LFST,
,,GT,VRME,BIIB,AR,SIMO,WEX,
,,GMRE,CRMT,DLTR,QDEL,COHR,PRTH,
,,RSVR,MSM,CNP,NGVT,ALTO,MSTR,
,,FLS,VAC,IAC,CTSH,CRI,ITRN,
,,CLDT,HLF,PATK,CASY,ALG,GENC,
,,ROCK,BBY,CLNE,TH,PRLB,BMRN,
,,RICK,UA,SW,GIC,AEE,TRX,
,,EB,BKR,UA,BLBD,NOK,MMS,
,,LGND,CNX,TNL,INVA,LTRX,UGI,
,,LUXE,AVNW,LGIH,CNI,ADUS,DEI,
,,GAU,INFU,KEX,UPBD,PEG,ALTO,
,,TDOC,BEPC,KBH,RDNW,GTES,CVI,
,,ALSN,HCSG,INSE,JBGS,ICFI,GAIA,
,,KTCC,ALTO,MUSA,CCSI,HITI,COKE,
,,NEE,RYAAY,CNX,MGNI,ACU,ADV,
,,WEST,UAA,EVI,CMC,DH,CNP,
,,BIIB,NPKI,FLO,HUBG,ARLP,DVA,
,,K,CREX,VMI,API,ASTH,KHC,
,,GGR,MTX,SPOK,CLMB,GOCO,GTES,
,,MCW,ARQ,CRSR,DINO,JBHT,HI,
,,HESM,USNA,AVNS,HTZ,EQX,FLNT,
,,HCA,EDRY,TISI,BKTI,VNT,CIX,
,,KMDA,DG,PDEX,CIX,GETY,CP,
,,RUSHB,EGHT,NAT,NCLH,ORA,GEVO,
,,FEIM,ABG,KNTK,EAT,GMS,VPG,
,,RUSHA,ALTG,PRTH,EPD,DY,AERT,
,,MNRO,CCEC,PPL,TACT,TSN,CRK,
,,PYPL,FSTR,KMI,MKSI,HLIT,AN,
,,PBH,SUPN,PFGC,STRA,ARCB,PBPB,
,,TOON,IAC,MYE,CRAI,UTMD,BWEN,
,,VMEO,PRLB,GPC,TNL,DGII,REXR,
,,LH,OSK,FC,AEM,IESC,GXO,
,,DRI,MVST,MLKN,DNUT,CIX,PFSI,
,,GPN,SANW,DAIO,VMI,SPHR,MMLP,
,,CRTO,AEP,EGHT,UFI,LND,SGRP,
,,FPAY,AUDC,OPRA,PFE,YELP,CAH,
,,SLND,ALIT,SSTI,GDEN,IDA,JBGS,
,,PAAS,JBL,DRVN,MDU,PYPL,NTCT,
,,THRY,NI,PBF,EVER,AWX,FLS,
,,LPSN,AEM,IOSP,STNE,CRON,CRSR,
,,CARS,FUN,PSIX,ATS,UPWK,ARLP,
,,SYY,CROX,GDOT,HCA,RRC,SLND,
,,OLN,NOK,CVS,NSP,HPQ,ALKS,
,,AMPH,CBRL,BTBD,FBIN,EAT,AKAM,
,,AAL,SHEN,UAA,BLD,DNOW,HCA,
,,AKA,LINC,JBTM,TG,CYH,SAIA,
,,RVLV,PRM,BJ,OPRX,THO,ICUI,
,,GMAB,KMX,SLSN,VICI,MCRI,DOX,
,,TTEC,TACT,CLVT,ACA,LEN,AMBP,
,,ATER,MLI,HPQ,CXT,MDIA,AVO,
,,BWAY,CE,ACEL,GVA,REZI,MIDD,
,,ARCB,ACA,ULCC,ASUR,FTLF,DTST,
,,PLTK,IPG,UTZ,THC,BGFV,CHRW,
,,ANIP,TGB,GMRE,MMI,BRID,DBI,
,,AEI,CSGS,HIMX,PZZA,LFVN,SHOO,
,,COSM,XRAY,CACC,ANF,DHI,CPK,
,,HSTM,CNK,PRKS,AMPH,ACMR,JBL,
,,TBI,JBGS,CREX,JOB,FGEN,GTLS,
,,PRIM,KEX,BDN,LUCK,SLB,VICI,
,,FWONA,ALG,DKS,AROC,WOLF,CTRN,
,,KTB,JCI,ZD,ATUS,HRMY,BGFV,
,,BALL,PLTK,DVA,RRC,UNF,EVER,
,,LNG,BJ,DENN,THO,GIS,GCO,
,,DHI,CTRA,NEM,GPC,EPD,XPEL,
,,MBUU,HOFT,GRC,EVTC,COSM,BYON,
,,VNOM,FBIN,ASM,GAIA,ETR,BRID,
,,KN,VAL,RMTI,SKIN,CWK,RVP,
,,EBAY,SGRY,PHM,HLLY,PBPB,SMPL,
,,SPOK,DIS,GPOR,LYTS,DORM,NC,
,,GETY,CHEF,TASK,BBU,PRTH,CBZ,
,,GFL,BORR,NVST,BKE,RLGT,HRB,
,,REYN,VRNT,MTH,MPX,BURL,LNN,
,,NSP,HBM,MHO,PINC,NVST,MKSI,
,,ACCS,PSKY,LPSN,PAA,JBSS,GFL,
,,OSS,CRTO,MLI,CCL,PNW,USPH,
,,OSUR,GPC,MSM,SPB,FTI,LEE,
,,HCAT,ARMK,GCI,CIGI,LNN,EXPE,
,,MTZ,DNUT,TUSK,NTGR,CHCT,DKL,
,,IDCC,VMI,MIDD,SPOK,AVD,CNI,
,,EGHT,REX,SRE,EWCZ,GPOR,EPD,
,,RPAY,SIRI,TPC,UNFI,DGX,OCC,
,,ASTE,ALKS,SOL,MHH,MAN,ATUS,
,,NCLH,FLL,CVGW,HPP,VMI,MIND,
,,UTMD,PHG,CSGS,AXTI,NCLH,YHGJ,
,,LUCK,BWEN,WLK,BGFV,ASUR,XRAY,
,,FSLR,PYPL,KHC,PENG,GTM,PNTG,
,,FTEK,WLDN,IPI,TISI,SMID,MRC,
,,UAN,CLVT,AENT,DIOD,OMCL,CRL,
,,JELD,LTRX,OMC,GCO,FWRD,DNB,
,,CWCO,ACTG,SO,TNC,III,PGY,
,,JAZZ,OLO,CRK,WOLF,PRPO,PLOW,
,,ATKR,MCW,BEPC,KMI,ADV,MITK,
,,COLL,HL,FCFS,GIL,NTIC,PKG,
,,KOSS,JBSS,OSUR,WEX,RVLV,BKTI,
,,MDLZ,AGCO,JILL,GB,OPRA,DAKT,
,,FTDR,ENOV,GDEN,CRESY,NGVT,TLF,
,,RMR,RICK,WFG,CVGW,HCC,CVCO,
,,WNS,CUZ,COTY,TPR,CECO,ALSN,
,,MIDD,VICI,MGPI,D,CNI,MSEX,
,,IRT,KLXE,NL,YOU,CNX,TTSH,
,,BRAG,ACNT,PLAG,CHCT,LYTS,WEST,
,,ACU,KNTK,CRI,DE,CTSH,DK,
,,POWL,TPR,INTC,YORW,BEPC,MX,
,,ISPO,LEGH,CMS,DNB,WHR,CSTE,
,,HOUS,TASK,CASY,ADV,DNUT,GFS,
,,III,CMPO,EPD,GAMB,TECK,UTHR,
,,IQST,HLX,CRMT,OPRA,THRM,EVTC,
,,KRT,TLRY,SAM,TASK,ACM,AEM,
,,JBSS,DK,CLF,MSM,MIDD,EXP,
,,AIRS,FTK,SKX,MLR,ADNT,AIOT,
,,BOXL,SBGI,GROV,HL,CNDT,FSLY,
,,HDSN,PRSU,OFIX,ALTO,DOX,MOH,
,,AVNS,FLO,DGII,CHRW,AG,DSP,
,,CYH,CASY,NEU,APOG,DENN,DLTH,
,,GLPG,INSG,RELL,GNTX,DAVE,SUN,
,,UPS,CVGW,CC,CYH,NEOG,HHH,
,,FLGT,ICUI,PAAS,BKD,PCAR,OTEX,
,,PED,SAM,CROX,PGNY,KRT,BAK,
,,CAR,HPQ,BCE,CMI,DELL,DOW,
,,FF,SYNA,TFII,CDNA,HSII,PFE,
,,INCY,GDEN,DGX,DOUG,BKR,SHLS,
,,ITRI,ZVIA,TDUP,MOH,AKA,MUX,
,,NEU,BRN,PRPO,GPRE,PSTL,CTSH,
,,DTST,MTZ,TTSH,FTV,CSTE,NGVC,
,,DOX,BFRI,FLNG,NTIC,CVGW,XYZ,
,,COOK,NEU,OPCH,RGP,MASS,JCTC,
,,ARQ,CYH,AGCO,DORM,LUMN,GSK,
,,BWIN,FTI,GOLF,PRDO,PMTS,VECO,
,,GTY,SO,DE,GTLS,BLDE,NEU,
,,WFRD,ASM,JBGS,CRNT,NVT,UPS,
,,BIPC,MWA,FNKO,BLMN,HOUS,YORW,
,,HYFM,NATR,ES,CLB,HCAT,GNK,
,,IIIV,OPRA,TR,CENTA,CNMD,HNRG,
,,SGRY,MCRI,OGS,ZDGE,CNXN,SMID,
,,G,XIFR,QVCGB,FLS,SMCI,LXP,
,,JACK,FCFS,CAAP,HESM,OPFI,BLD,
,,AM,SHLS,ORLA,PAYS,AAL,MCRI,
,,ASIX,ALSN,CTSH,AGI,WLK,ASH,
,,MNTK,CNMD,HFFG,AXR,CCK,ARMK,
,,CWK,GROY,QUAD,STRL,ATUS,NEO,
,,WAB,TZOO,CCEC,EEFT,PRAA,LMNR,
,,NAII,AMBP,SR,AIN,TBRG,UAN,
,,SNBR,DLTR,FRO,APG,DLO,TTEK,
,,CRUS,KRT,AROC,DEI,LINC,IVF,
,,SSTK,PCAR,ZUMZ,DGII,MPC,COSM,
,,GRC,FORD,MCRI,BE,LEGH,MESA,
,,BKD,GETY,ATUS,MCW,SO,BEEM,
,,FTHM,MBUU,BLDR,LNG,CUK,FTDR,
,,DOUG,BG,VNOM,ISPO,CHEF,HLX,
,,LWAY,SSRM,GFL,ACLS,DOUG,MAN,
,,MMM,TTSH,SMID,ZUMZ,TLS,LPX,
,,TNL,TGT,HST,JBHT,LEU,PGNY,
,,MAGN,AMPH,KD,CATO,DK,CCEC,
,,PRAA,ELAN,AVNT,IP,CINT,EMPD,
,,HRMY,HGV,MTW,ICCC,HNI,OPCH,
,,HNI,APOG,STN,SHLS,PLTK,MYRG,
,,WDC,HLIO,WNS,CLF,COMM,IPG,
,,FCX,LNN,DTST,HLIO,FSLY,UDMY,
,,WMB,ACM,GES,MSEX,MSM,FERG,
,,TWLO,FTHM,CHCT,NGVC,KMI,SPOK,
,,QDEL,PRKS,CMI,ENR,LUCK,FTHM,
,,GTES,DOX,BLBD,CNK,RYI,SSD,
,,VRME,BGFV,BEEM,PBF,AKAM,GDRX,
,,ATLN,BMY,VMEO,ONEW,ALSN,GORV,
,,KRO,FLGT,KFRC,ARMK,FOSL,ICCC,
,,CTSH,SHOO,BWMN,HOFT,GFS,ADUS,
,,GEN,ORLA,HBI,OLPX,HCA,ADTN,
,,NTR,WEC,ASUR,PFSI,BBCP,KMI,
,,APD,TPB,HNST,IPDN,BHC,AP,
,,GFF,RCL,AEM,CVGI,GMGI,BBWI,
,,CHCT,BTBD,ERO,AOSL,FTHM,LNG,
,,IDR,SPOK,DEI,DOX,LYFT,CVEO,
,,AWK,ROCK,TITN,PNTG,MLI,UVV,
,,ELAN,GIC,CVR,KLXE,TRIP,TSCO,
,,AGI,ATO,REVG,VECO,LIND,ACLS,
,,MHH,CPK,DIS,NHC,GMAB,DGLY,
,,SNDA,DE,CCEL,NINE,HYFM,CDP,
,,IFF,EXEL,BALL,MODV,VICI,FCFS,
,,WTI,SLB,RRC,JCTC,COUR,GOCO,
,,JBI,EPD,EXFY,GRC,QNST,PEG,
,,NEXA,PCH,LNN,OXM,COLL,HCSG,
,,BKYI,FRHC,FTHM,BIRD,POWL,CNTY,
,,LFCR,BIP,BSET,SLND,EVH,J,
,,DKL,TBI,CWCO,UAN,IQST,HPP,
,,FVRR,UG,ACCS,ARRY,SWAG,WMS,
,,SXT,MTN,PAHC,OC,WLDN,GRWG,
,,MSEX,CIGI,SEAT,FORR,CLF,UTMD,
,,GOGO,STRL,NDLS,SPNS,GPRE,ALG,
,,FWONK,BDC,CXT,MAGN,CWT,HHS,
,,LGMK,MPX,JBI,LNN,PUBM,CENX,
,,CMPO,TKO,KLXE,PBH,RFIL,POWL,
,,RYI,NDLS,EVO,CNX,GPC,HRL,
,,ALIT,EHC,AAL,AMWL,CBZ,CPB,
,,MCS,DBI,AXTA,AERT,REXR,OUT,
,,TXRH,AMKR,OLN,RIVN,MUX,LYFT,
,,CACC,IART,CRON,TR,BLDR,FLL,
,,AIT,INTC,CRTO,SYY,SGC,ALIT,
,,JBHT,FSP,APD,SSNC,STN,CUZ,
,,VAL,KW,ACA,DLTH,NSIT,CRNC,
,,GVA,EVTC,LH,CDLX,BRLT,TRGP,
,,CC,GNL,SKIN,ETSY,AMWL,BJ,
,,RRGB,REYN,HLIO,FCX,NICE,BOXL,
,,XIFR,CDP,API,VATE,KODK,ASPS,
,,MYRG,SKY,LNSR,BIOX,PKG,MAYS,
,,SSNC,BW,EVER,PETS,CTRM,GMGI,
,,KDP,LEU,ACM,JBL,BC,ACMR,
,,FLNC,COKE,SMCI,PLAY,SHOO,NI,
,,RMNI,AIN,INUV,PLCE,HL,DOUG,
,,ISPC,GILT,LOVE,SEDG,SEDG,FELE,
,,CE,TLF,LIVN,MLI,FRGT,GTM,
,,CDE,HRB,GB,DH,SCHL,KLXE,
,,TSQ,GRC,HESM,LOGI,LGMK,NINE,
,,CODI,JRSH,MU,AMC,STRL,HTZ,
,,ASUR,GCO,MDRR,WEN,UNH,GNL,
,,OPAD,BODI,SPHR,CIEN,SYM,FTV,
,,LEE,BKD,REYN,CTRN,NRC,PVH,
,,BLDR,GPOR,VNT,INCY,WLY,OLPX,
,,GAME,HEPS,ALSN,GRWG,REYN,OPRA,
,,CQP,VST,MPX,VFS,TLRY,NOTV,
,,TPR,DARE,JBSS,TPIC,TWI,JBTM,
,,PNTG,TRIP,GMS,ACIW,MOD,HURN,
,,KPLT,ELA,CPS,SON,AGX,SIM,
,,TREE,ASUR,BKD,CAAP,JBL,SPRU,
,,BOC,COLL,APG,KVHI,BLD,MDT,
,,JRSH,GFF,AQN,DSP,ITRI,ATO,
,,EME,TMUS,LPG,CGNT,JAZZ,API,
,,MWA,RFIL,LUMN,BNL,WEN,SPWH,
,,FSP,DRI,NI,NPKI,FTDR,KDP,
,,BHC,AGX,IESC,KLIC,LPX,HESM,
,,MERC,DTM,WOLF,EDAP,WLYB,NEE,
,,ALG,BNL,TNC,EME,HGV,QVCGA,
,,VNT,EQT,DAVE,ACAD,CDP,SONO,
,,PSTL,CHRW,PRM,COLD,CLAR,CXT,
,,FN,CMP,COOK,TTC,DRVN,DH,
,,WEN,CPRX,BC,TSE,AGL,TNET,
,,UCTT,VNOM,BKE,CVCO,ACA,SGU,
,,GNTX,GGR,BRSL,ATGE,EXE,VATE,
,,OIS,FLWS,YETI,LAKE,MDT,BKD,
,,CARG,HESM,WMT,SEE,WEST,FRT,
,,ACNT,MGPI,FOXF,PYPL,CCL,CRMD,
,,CP,AVAH,LNG,GEL,DVA,PYPL,
,,FLR,STM,DFH,DKS,LH,AMRX,
,,CNMD,PRGO,DORM,MYRG,AIRS,MRK,
,,CAH,AGI,EXE,EBAY,SPOK,CC,
,,IDAI,BEEM,CURV,ALSN,HSON,EHC,
,,TRC,K,PII,HSY,AEM,ACM,
,,FOUR,USIO,CLAR,BALL,GEF,NSA,
,,PKG,DKL,FLNT,OPK,FCX,CMP,
,,SUNE,WDC,FLS,UTI,GOGO,RENT,
,,STRL,NFG,FOSL,CAR,AXTA,XXII,
,,IMCC,UPWK,ASH,COKE,CLMB,ORN,
,,BLDE,DWSN,PLTK,SO,JBGS,SCOR,
,,TNET,NVST,HRL,RENT,INCY,NAOV,
,,ICCC,DLTH,CYRX,DTI,PBF,NOK,
,,LOPE,STRA,PLOW,EPC,HI,SRTS,
,,SCKT,SSNC,ZBH,TNET,TRC,GROV,
,,RCL,PNR,DAKT,CPRX,MUSA,AEO,
,,FIS,SMID,GRWG,GDRX,CRL,CINT,
,,AIN,CVCO,OUT,EXPD,LGIH,WEC,
,,STN,GVA,BHC,PRLB,IART,WY,
,,BOOT,CTRN,ISPO,BBY,OGE,AWK,
,,NCMI,UCTT,CHEF,BEP,WLKP,PRTS,
,,INSG,BKE,VICI,SMCI,PGNY,RGCO,
,,HI,CARS,PBH,ACM,SID,REAX,
,,MKTW,BIIB,BKKT,IFF,EVTC,AWR,
,,BBSI,BIOX,FMC,CULP,ICUI,OPFI,
,,ZEO,ICFI,EXEL,EXE,WHD,BOC,
,,EQR,CP,NAII,SSTK,BGLC,CCO,
,,YELP,JBHT,BMY,MSN,RGP,LPG,
,,ON,BOXL,FWRD,CENT,SCOR,COR,
,,LIND,OOMA,GFF,ON,JCTC,JAMF,
,,CHRW,ZEO,GNL,PAHC,BLNE,LE,
,,INNV,CRK,IHRT,AVY,CWEN,AZTA,
,,FWRD,CTSH,TMUS,DIBS,CMI,AIN,
,,CBOE,DKS,HRMY,UTHR,ZBH,STM,
,,NRDS,HCA,OPK,NOTV,PANL,CWCO,
,,BLMN,LFST,CULP,AM,WPRT,BNL,
,,SIRI,SSTI,EHC,IDT,TEVA,EXFY,
,,CTVA,BAK,WEN,AGX,EPM,ORMP,
,,AKAM,ZBH,BTCT,ABT,SNCR,TMUS,
,,SLB,PRTH,IMAX,AKAM,KMDA,HOLX,
,,AG,GSM,HYFM,XRAY,NOTV,HPE,
,,ESS,JJSF,STRL,EVH,CUZ,BAH,
,,BC,BVS,AOSL,UBER,DRI,NTAP,
,,STKL,MOH,GIL,HI,MDRR,DY,
,,CRI,INMD,SSTK,KN,ARQ,HPQ,
,,BEP,GEL,CVI,REXR,GME,STZ,
,,BIRD,PKG,GNTX,PRM,SON,TREX,
,,UTI,PFSI,WTRG,IMXI,CROX,GES,
,,THRM,GNLN,EAT,SGU,OPRX,COHU,
,,FIGS,TTC,SIG,EPM,BOC,DORM,
,,USIO,DENN,TBI,SUPN,TBI,VNCE,
,,WOR,ASTH,EQT,CRK,FVRR,RDNW,
,,VMD,DNB,AOUT,NVR,SBDS,KN,
,,IART,PEG,CHWY,ITRI,ASM,PBH,
,,OCC,WMT,DNB,INNV,KTB,ULTA,
,,INMD,RHI,EME,NKTR,CASY,MWA,
,,DIS,AVD,DIOD,EGAN,EXPD,AVY,
,,ASTH,CC,AWK,GTY,GSK,ICHR,
,,ARHS,AROC,MKTW,ECPG,IAS,MPX,
,,NXPL,RPAY,CLB,DELL,AVTR,BOOT,
,,PENN,JBI,TG,CDP,WBA,KORE,
,,ALTG,FOXF,LGMK,NTWK,DTST,KEN,
,,BDC,ANGO,BBSI,ENSG,BDC,BBSI,
,,YORW,RL,ANF,SXT,NWL,CHCT,
,,CPIX,TNC,UNH,IQV,MAX,IHRT,
,,WES,GIS,MCK,GSK,ENSG,GVA,
,,QRHC,INLX,SMPL,MAX,CHRW,VEEE,
,,TGLS,CAG,HAS,RRGB,BIRD,TLYS,
,,NHTC,OLPX,PGNY,COHR,EME,TSE,
,,WVVI,YOU,CPK,IPA,TXG,UHG,
,,API,AXTA,UCTT,ZEO,HTZ,BZFD,
,,TFII,POWL,WOR,RAMP,AIOT,IQV,
,,MSPR,GPRE,HAIN,CNTY,ISPO,DNUT,
,,AWR,SGU,COLM,FIGS,BKYI,TLS,
,,FLWS,GTLS,EWCZ,SKY,YHGJ,CLH,
,,MATV,CULP,MOV,GTM,SRXH,GMAB,
,,ZENV,PAYO,NWN,RFIL,ZDGE,BGLC,
,,KFRC,MPAA,LSAK,RHI,BNL,APOG,
,,FOXF,GOCO,DTM,FLUX,VFF,FCEL,
,,XYZ,ORGO,LVRO,GPRO,BALL,LINC,
,,HSY,TWLO,RSVR,IEP,PZZA,PCRX,
,,TDUP,SIG,GEL,PINS,TH,RNG,
,,ICHR,ASH,AMPH,UTMD,CAR,PSIX,
,,HSON,KFRC,SNBR,ARLP,CMPR,ENSG,
,,STRR,HSON,EPSN,CQP,OLN,INCY,
,,DLB,UVV,CSTL,FTK,KOP,ZUMZ,
,,XRAY,GRWG,COMM,CAH,DFIN,SLGN,
,,LMB,AMWL,RAMP,FVRR,GNK,W,
,,DH,WY,RCL,GFL,DTM,RSVR,
,,BZFD,NOTV,TRIP,VRA,DAIO,WNC,
,,MOGO,SKIN,LESL,MRNA,BKTI,ORA,
,,YOU,LGMK,LDWY,PKG,INSE,GDYN,
,,TAIT,SW,JBHT,NMTC,INMD,WD,
,,HL,LAND,GPRO,SYM,MTZ,GTY,
,,COLD,ANF,UFI,NHTC,SBGI,NXPL,
,,CVCO,COSM,OLPX,WLYB,JOB,METC,
,,TKO,CPB,OMCL,AWR,FSTR,CPRI,
,,JBTM,XPEL,WEC,AEIS,BILL,DE,
,,CPT,SONO,HLLY,DK,CULP,AOS,
,,ACIW,WTRG,FTV,WLY,ACAD,DVAX,
,,REXR,YELP,MGEE,AAP,PCH,OPRX,
,,SYTA,BOC,RHI,KRT,ESOA,STEM,
,,AA,ATS,SYTA,IESC,AXTI,FTLF,
,,RBA,CENX,OSW,NVS,GDRX,IDR,
,,INTC,THS,PHAR,LOCL,TNC,KTB,
,,UA,YETI,CE,PCH,UIS,TRC,
,,EXPE,PBI,AKA,DKL,NDLS,RVLV,
,,DGLY,BBSI,BAH,EEX,TRX,CLMB,
,,J,KDP,DOX,MMS,IP,CRUS,
,,FTFT,CAPS,CCO,IVF,LYB,MGEE,
,,ELMD,CNVS,WNC,TDC,SJM,NVS,
,,INOD,AXTI,CYH,ERII,SPNS,IRT,
,,LAUR,BIRD,PZZA,LOPE,EBAY,DGII,
,,MO,BLIN,GNRC,LNW,SYNA,HR,
,,UEIC,CARR,TWLO,QCOM,DKL,SNDA,
,,GLPI,HAS,CVCO,TLYS,HHS,ARQ,
,,FTI,MKTW,SUNE,LE,UFI,STN,
,,BTBD,ODP,SXT,UPWK,GRWG,OPAD,
,,SSTI,ACCS,BDC,ASTH,XYZ,IEP,
,,NHI,RRR,IQST,INGN,LVS,TRNO,
,,ATEN,MGEE,XYZ,FELE,EVER,VRA,
,,ATR,CLAR,NRDS,VERI,XRX,GWRS,
,,SOWG,LNG,AR,TRGP,NSC,IQST,
,,PLAG,EME,GRBK,DAVE,CDW,LOW,
,,ERO,SOND,UPS,MZTI,CLFD,LWAY,
,,ENSG,HHS,CCK,CDW,OLLI,EVO,
,,UAA,SPWH,FTFT,BVS,QVCGA,COUR,
,,LSTR,CHWY,CNI,GPOR,FEIM,USIO,
,,WHD,CGNT,NTIC,JOUT,FTV,ANIK,
,,AMWL,NINE,TPB,MKC,FN,BARK,
,,GNRC,CLLS,WPRT,USPH,CPS,SCKT,
,,DFH,CCRD,NSC,APD,INGN,CXM,
,,SAND,DOOO,MSPR,ANGO,TPIC,ATGE,
,,SUPN,BALL,HNRG,WMT,AGCO,PAYO,
,,HHS,GMRE,OEC,JBTM,YCBD,PUBM,
,,BGLC,UPS,GFS,BODI,MRK,MGIC,
,,ACMR,GIL,CDLX,MCRI,LXP,OMI,
,,THS,EVH,ALKS,BYON,HOFV,ITGR,
,,MUX,AEO,ITRI,NYT,SFM,FC,
,,AMH,UAMY,EPAM,MGEE,FIGS,GNRC,
,,CCK,ALCO,ACFN,ICUI,NHTC,FLNC,
,,AGL,LMB,MKSI,COR,ARIS,WTI,
,,LGIH,TRMB,LYFT,IRT,TXRH,BKYI,
,,TNC,FPAY,VPG,UNH,G,NDLS,
,,VTR,PBH,ADUS,SEM,ONTF,CHEF,
,,BNED,IHRT,GNLN,EBS,BEP,INSE,
,,FFIV,TRVG,CENN,SPRU,APDN,NSC,
,,INGN,XPO,TPR,CARR,CSX,ELMD,
,,HBI,IDAI,MSEX,IRDM,CTVA,DLO,
,,ITGR,HRL,KTB,CSX,FOXF,CPAY,
,,INM,AKAM,CMP,LUXE,UFPI,RDNT,
,,COR,QXO,BNED,CAT,PRGO,PCH,
,,GOLF,BWAY,KFY,LZ,NXPL,ORGN,
,,MPLX,PRPL,AG,STKL,BWAY,PZZA,
,,SLGN,ARRY,KEQU,EXFY,AIT,SNBR,
,,GIL,CPRI,EDUC,DRI,KPLT,AXTI,
,,UIS,QRHC,IAS,OOMA,GPRO,WES,
,,CNI,PAAS,RGS,PEP,SGRY,NTST,
,,BVS,CPIX,BARK,GLNG,BMY,MMI,
,,HGV,HCAT,IVDA,WES,GNLN,RRR,
,,ZBH,HELE,GIC,IDCC,EDRY,ATR,
,,IVT,AWK,EMR,K,KFRC,RL,
,,HR,AOSL,RENT,AOS,STAG,BWAY,
,,USAS,THTX,AMWL,QNST,AWR,FSV,
,,LINC,DY,ICHR,NICE,EMX,RBBN,
,,UTZ,GPRO,DOOO,MO,HSTM,OFLX,
,,FORR,RENT,UONEK,CLH,THS,EXPD,
,,ACHC,SCS,SCOR,GILD,BTBD,AMH,
,,DGII,JOB,PEG,PCYO,AIN,EB,
,,CLB,RGCO,TECK,HR,NVAX,SSNC,
,,ACLS,KTB,COR,FLNT,FLGT,COHR,
,,RDWR,BRLT,GAIA,NSA,BKD,MDXG,
,,GSK,TRGP,FELE,KTB,PAVM,YCBD,
,,PEGA,JBTM,CAH,VERO,CNR,GLOB,
,,VST,NCMI,UTHR,BFRI,GWRS,CCRD,
,,ORGO,SSTK,UAVS,SIMO,QGEN,EVH,
,,XRX,FTFT,CPRI,PRTH,RCL,NICE,
,,TRVG,NSC,DY,FERG,CAPL,UG,
,,XWEL,MSEX,CRL,KDP,HESM,BURL,
,,UAMY,SCKT,CP,FN,BMRN,PRMB,
,,RDVT,XPRO,LUXE,MDT,RRR,LAKE,
,,EXPD,NFE,PKG,ICHR,CGNT,NJR,
,,JJSF,FIGS,UTMD,QGEN,TPB,AM,
,,CPRX,GTY,BOC,MATW,KORE,TTGT,
,,BLD,IDT,UAN,PEG,COLD,FA,
,,ENOV,CHDN,YORW,GLPI,DLB,VIRC,
,,LVS,HCKT,HCA,HAYW,OI,PNR,
,,CBZ,NEOG,EBAY,ADUS,TACT,CSL,
,,RL,IFF,ARHS,LMB,MATV,FORM,
,,HAS,FCX,ARRY,BWAY,KDP,WNS,
,,GFS,AIT,GIS,NHI,LRN,FSP,
,,CLH,PRMB,EVTC,MAYS,SKIN,WFCF,
,,CSGS,AIRS,DOCU,BMRN,SMPL,CROX,
,,SANW,STRR,AXTI,WSM,MX,FVRR,
,,QGEN,MDT,ZYXI,INDV,KRP,BSM,
,,CIX,YHGJ,SWAG,NRC,REGN,EPAM,
,,ANGO,WTI,KDP,TRIP,YORW,CSGS,
,,OMI,CMI,KNOP,FC,KNTK,BIRD,
,,USLM,GES,ACB,WTS,DLPN,CTRE,
,,XPO,CLH,IPG,AMRX,NVS,IIIV,
,,DVA,APD,HHS,TXRH,KVHI,MTCH,
,,CAT,IVT,MODV,REGN,COLM,GLPI,
,,LXP,LYV,CPRX,PLL,LNW,CDW,
,,SPRU,NSIT,LPX,MLM,IQV,PMTS,
,,ALC,ISPC,DH,SABR,XFOR,VMI,
,,LOGI,SMPL,BNL,IBM,GNL,HSTM,
,,MAA,VIRC,FCX,LPX,SANW,CENN,
,,EGAN,SFM,RGP,IVT,SAM,FNKO,
,,OLO,KVHI,GAME,RMNI,NAOV,CTEV,
,,WD,WFRD,COKE,VNDA,COKE,SXT,
,,KMB,CNI,PYPL,MPLX,VEEE,DV,
,,FIX,TGLS,UONE,ITGR,GROY,CSX,
,,LW,ORA,TZOO,ACRS,LULU,CQP,
,,OWLT,WHD,ORA,WAB,GFF,LOVE,
,,PFSI,ASLE,JCI,MWA,EGAN,ORLA,
,,ELLO,MQ,TRGP,OPEN,NTR,MDIA,
,,UPWK,KORE,ISPC,TFX,SLGN,HCAT,
,,RDNT,ALLT,TTEC,CLFD,MYGN,VSCO,
,,IBM,NTCT,BTG,BLIN,VRME,FI,
,,NAOV,MOV,RVP,OSUR,CRK,FWONA,
,,TRUE,CLMT,NTR,EXP,OPEN,ISPO,
,,VECO,MUX,CLOV,RVTY,PAYS,YOU,
,,PCH,TSCO,OOMA,DECK,CVEO,AZN,
,,IRDM,FTV,BIRD,STE,NTST,LIND,
,,EEFT,CETX,NSIT,SMPL,MSEX,AGL,
,,ZVIA,SMLR,TACT,JHX,CLB,VVV,
,,DENN,LYFT,BIOX,ATR,RBBN,RVTY,
,,CHDN,UTI,EML,DFIN,JELD,NVAX,
,,HURN,LW,SANW,TDUP,RNG,EKSO,
,,GRWG,PNTG,HSTM,WMG,IAC,NTGR,
,,ICFI,VYX,TRC,EQR,TDC,ACFN,
,,BIOX,IRT,MX,CTRE,ATLN,ONTF,
,,AXTI,IMAX,MGNI,MTCH,TGLS,LAND,
,,CRAI,EXE,AGI,ANIP,ASLE,YEXT,
,,APPS,STN,SIMO,VVV,JCI,BLDE,
,,IPG,SXT,WWR,IPAR,ENR,DBX,
,,CSTL,NATH,AWR,ADTN,GLNG,TH,
,,CTRE,LMNR,CRAI,PLTK,EMPD,NABL,
,,BROS,HWKN,PUBM,DAVA,OMC,OSW,
,,PAYC,MGNI,HCAT,RRR,CNET,BFAM,
,,OFIX,CDLX,DELL,MCK,HAS,DIBS,
,,AXTA,IAS,UIS,GROV,AVNT,TRVG,
,,DNUT,AM,CINT,GENI,EXEL,RPD,
,,KLXE,FOUR,ZDGE,TTSH,PERI,ABEO,
,,ICLR,MLAB,TSE,VYX,CBOE,SNOA,
,,CSX,RBA,FAT,POWL,TZOO,CNM,
,,CVGW,PERI,INOD,IIIV,TMUS,EXK,
,,RELI,SAND,VIVK,LSPD,SAIA,FLYW,
,,DJCO,NEE,SGRY,SSD,AM,AIRS,
,,CVLT,RELI,AMRX,SIG,RSSS,CAT,
,,CRSR,UAN,KN,GES,SCKT,AIRG,
,,WYY,AVTR,ALLT,PRKS,NGD,QDEL,
,,REAX,EXK,TEVA,APDN,CQP,MPLX,
,,GORV,UTHR,BLD,EKSO,AIRG,LSTR,
,,RVTY,LOW,GILD,KNTK,CHDN,ROAD,
,,GDDY,FIX,SRAD,AZTA,SPRU,LNW,
,,MLM,CBOE,PMTS,HOLX,SXT,LNTH,
,,FRT,USAS,RELY,HALO,GLP,PPSI,
,,CAPS,RIVN,SYY,TGLS,ILMN,ACN,
,,ACM,FTEK,KORE,OGI,AWK,IONS,
,,HOLX,IMXI,SMHI,TSCO,CC,CECO,
,,TTI,SQNS,GMGI,JNJ,JNJ,QGEN,
,,EMR,SUN,SNCR,ALLE,PEGA,INVH,
,,CXT,AWR,LOW,LSTR,INFA,APPS,
,,EP,XYZ,ROAD,W,PBI,ILMN,
,,TCMD,ROAD,MCFT,STZ,CNTY,RCL,
,,USAC,RRC,LTRX,MRK,TSQ,JCI,
,,GPRE,EXP,FATBB,FIS,XPO,MLAB,
,,LOCL,FUBO,JJSF,JJSF,MHH,EEX,
,,FKWL,REXR,NFG,DRVN,FRT,SKYH,
,,DAIO,CDE,AM,PRSU,AZTA,ALLE,
,,SPNS,MYRG,ICFI,ACFN,SSNC,TXRH,
,,TR,HR,SHOO,BLDE,BCO,TMO,
,,RKDA,MTEX,NPWR,SPXC,GOLF,FIX,
,,DBX,INUV,OSS,IOSP,EL,JNJ,
,,BWMN,EWCZ,ULTA,MASS,CNM,LVS,
,,CSPI,PZZA,PGY,RSKD,CARG,IRDM,
,,GIC,MAYS,SUN,CHE,MTX,AMAT,
,,UPXI,MMM,SFIX,HSTM,KEQU,OOMA,
,,AZN,ARHS,RILY,WMS,HR,MOD,
,,SHOO,ADUS,AIN,HAS,XPEL,RVYL,
,,EVTC,CXT,LZ,HCAT,GTY,ALHC,
,,UAVS,BNTX,DDS,NAGE,FLWS,ULCC,
,,INLX,UNH,K,USAC,VERO,FIGS,
,,WPM,NJR,LUCK,BBWI,IRDM,EVGO,
,,TTEK,YORW,DKL,CRNC,PAYO,SGI,
,,LNW,CLB,SONM,CPNG,EEFT,CTKB,
,,PECO,CODI,EP,CSCO,HWKN,TDC,
,,BSM,WNS,DFIN,NEE,RDWR,EVCM,
,,HCKT,SNOA,AGIO,CYRX,AEIS,GAME,
,,AVB,WEN,AVNW,MAS,OC,STE,
,,BDX,CCEL,SHLS,BMY,PLOW,STKL,
,,ICE,FC,OM,TEVA,NSA,CPT,
,,AJG,COUR,FBIN,IZEA,LNG,AGX,
,,SRAD,STZ,SGI,COUR,NEE,QCOM,
,,MTCH,UIS,GORO,LVS,LFMD,MAX,
,,FA,BEP,CQP,POLA,FLNC,RH,
,,INFU,VCYT,PAYO,MSTR,NABL,ZWS,
,,ALLT,RSI,CPB,FTEK,CDLX,USAC,
,,DVLT,ITGR,GRPN,CCRD,FND,BRN,
,,IZEA,MAS,IFF,FORD,TDUP,CCEL,
,,NSA,API,ICLR,RBA,SNDA,MLM,
,,GRMN,CRL,TWIN,TLRY,FLR,HWKN,
,,CNK,OLLI,IPAR,WY,EXFY,FNV,
,,DFIN,CCO,FORR,FSLY,FLS,FWONK,
,,TFX,GSK,FLWS,PWR,TCMD,CIEN,
,,MX,WES,SSNC,BNTX,WVVI,VERO,
,,INVH,OSW,USPH,ULTA,CSGS,STAG,
,,BTDR,KD,XPO,ACTG,DIBS,FRPT,
,,TDW,ICHR,BEP,FIX,BOOT,CARR,
,,FUBO,SSD,FLL,NABL,YOU,INTU,
,,AVY,UTMD,TFX,LSAK,CTRE,CTSO,
,,MOD,YEXT,CLFD,OTRK,DAKT,CLRO,
,,RSG,FRT,COUR,BFAM,AMH,KRUS,
,,ONTF,HI,RELI,CWH,IVF,IRIX,
,,NTST,RVLV,AUPH,AMZN,STEM,CSCO,
,,NVR,OPK,TTC,BAH,FORM,WTS,
,,SRDX,GILD,MDT,AIT,OPCH,NOTE,
,,SWIM,EVGO,CDP,DWSN,SYTA,PECO,
,,EVER,MDXG,NATH,HAE,VYX,TGLS,
,,VIVK,IHS,ENSG,EXPE,GNRC,JAZZ,
,,STAG,IEP,ITGR,ATEN,BTDR,ON,
,,LNSR,CQP,FUBO,MMM,FERG,CLFD,
,,WRBY,CAT,BGLC,EVCM,KLIC,ALCO,
,,QCOM,CINT,IHS,EL,EXPE,WMT,
,,WTS,USPH,CSX,RYAAY,GILT,MAMA,
,,FI,LIVN,UPXI,KRNT,SABR,KULR,
,,IHS,VIVK,NEE,MYGN,IPA,NVR,
,,LYV,TREE,DRI,STX,RL,KD,
,,PSNL,CSCI,WMB,SMSI,QCOM,KEYS,
,,ORMP,IOSP,STKL,INVE,FIVN,NHTC,
,,ALUR,MPLX,SGRP,ROST,NSP,NGVT,
,,TRUP,HRMY,MDXG,RPID,LSTR,RGLD,
,,PAYS,TRC,CIX,TMO,LECO,BIPC,
,,CAPL,HNST,CLH,DCI,OM,ROST,
,,COO,ITRI,CBZ,BRKR,FSLR,VCYT,
,,NEOG,XWEL,SFM,CARG,ON,KRP,
,,TRIP,LE,IVT,COO,ROAD,CHE,
,,MIR,WTS,ATR,BSM,EPAM,NRG,
,,AVTR,GNTX,TREE,MCHX,RVP,FRHC,
,,BFAM,RRGB,COOT,LOVE,JJSF,SMRT,
,,CROX,GFL,VEEE,JCI,WES,RBA,
,,CMPR,BRAG,TDC,KMB,OSW,MAT,
,,RRR,RILY,CLMB,PRCH,FSS,BLNE,
,,OUT,W,LVO,CSL,OWLT,ORGO,
,,CECO,FLS,VRME,LECO,EKSO,JHX,
,,SONM,VFF,NTCT,DLB,LZ,NDSN,
,,ORN,FELE,MBUU,TZOO,AZN,EPAC,
,,HNST,ENSG,FTDR,ESS,GORO,FOUR,
,,GTM,IDR,ATS,PECO,TOL,TCX,
,,OPK,CHCT,LVLU,RNG,IFF,COO,
,,PZZA,UHG,EXP,VTR,OPAD,DCI,
,,UI,GLPI,TDW,EA,FORD,HALO,
,,APG,BR,XRAY,AMH,TJX,AMZN,
,,ALCO,GROV,SKIL,PACB,ONTO,MCK,
,,AIRG,OPEN,REXR,EPAM,WAB,UNP,
,,MMSI,PGY,NVS,XIFR,NVR,QXO,
,,BILL,HHH,HBB,NOTE,SSD,ALGN,
,,HAE,AEHR,AMCR,COMP,DV,TRU,
,,CME,RDWR,KMB,WHD,QRHC,GNLN,
,,TSCO,EP,THRY,ICE,REAX,VOXR,
,,ESOA,NVS,MLM,CRL,AOS,MDLZ,
,,FSS,ULTA,PRPL,LTRX,ACNT,FSS,
,,CPNG,IZEA,GOGO,BDX,ZBRA,COLM,
,,IAS,RSVR,MSN,DAIO,DCI,CSBR,
,,CDW,DTST,ACLS,RSG,ANIK,ONTO,
,,AIV,NAOV,HIMS,INUV,COHU,MAA,
,,SGI,FSV,UTL,NEOG,XXII,VERB,
,,ARRY,ATR,STVN,EB,BARK,GSAT,
,,INSE,OPAD,WAB,FND,RMTI,AVB,
,,WOLF,BARK,TGLS,UNP,TRGP,MYGN,
,,DIOD,FERG,FLGT,FSV,LMB,CLOV,
,,ROAD,CSL,INCY,BARK,AUPH,SOWG,
,,NDAQ,FVRR,GMAB,MAA,ALTG,JOE,
,,HALO,AG,FSLY,RCL,CRAI,UAVS,
,,LYFT,LOCL,RMCF,ALGN,APG,LVLU,
,,GPRO,ZUMZ,EXPE,SAIA,VITL,ACAD,
,,GWW,FFIV,FIX,CERS,MDLZ,BLIN,
,,BNGO,TOI,BILL,WM,USLM,DAIO,
,,AOS,SPRU,VVV,OSW,FMC,SHC,
,,SLSN,FSLR,ON,SNDA,STX,BLNK,
,,SQNS,DCI,GTY,SFM,PRGS,ESS,
,,ALKS,TRIB,HR,RSI,MTCH,VTR,
,,WY,TISI,SMSI,CNNE,NAT,NCNO,
,,SAIA,PSNL,TOMZ,VITL,GLOB,XPOF,
,,LPRO,LOVE,QGEN,HBI,BRKR,EQR,
,,NVT,DELL,GETY,META,VALU,HNST,
,,BLNK,CSX,CHRW,AZN,WWW,BLKB,
,,VALN,HOLX,PFSI,BURL,GTLS,WAB,
,,OGI,LEE,KLTR,ROIV,NTIP,FWRD,
,,NXPI,OMC,AIT,VMC,FA,KRNT,
,,TRNO,SGI,ALRM,XPO,DBX,CHH,
,,CLRO,LEVI,XPEL,FFIV,USPH,POOL,
,,RSSS,AMRX,XXII,CSPI,ACIW,SHOT,
,,PBPB,NSA,WES,WTI,GLPI,LOGI,
,,CSCI,MX,SPRU,UP,IRT,LZ,
,,WM,APG,FLNC,MELI,SMSI,OSUR,
,,RSKD,QNST,LEE,RMCF,ATR,EMR,
,,TLS,WAB,ALIT,CTLP,SUPN,NYT,
,,CALX,NHI,SKY,CRMD,WTS,EXOD,
,,SOL,BDX,RL,FRT,XIFR,PEP,
,,NRDY,ALLE,DNA,SYNA,CNNE,FFIV,
,,GDRX,VRA,PEP,OKTA,PNTG,WPRT,
,,AORT,XFOR,MPLX,BIO,LOPE,CURV,
,,KRNT,NTIC,TBCH,CPAY,WMB,MMC,
,,HBIO,STAG,COMP,MQ,INVH,LYV,
,,OPCH,IRDM,LXP,EMR,TPR,TPB,
,,FMC,ICCC,HQY,SWIM,MPLX,OLO,
,,MKSI,LVS,LFVN,EVGN,SAND,LPRO,
,,EXEL,HOFV,VECO,DVAX,BBSI,AEIS,
,,SIMO,BOOT,BDX,ALRM,CURI,SMSI,
,,MRK,MAX,OLO,LFMD,UTI,GNE,
,,CPAY,FLGC,ACIW,GFS,EQR,HAE,
,,TCX,QDEL,NXPL,FI,CAT,HUBB,
,,RGLD,COLD,OPRX,CECO,CLH,MKC,
,,TRMB,WU,AKAM,CHWY,MCS,OTLY,
,,SKLZ,AR,LWAY,MVST,LFST,EMX,
,,UNP,FLUT,SLND,ONTF,AVY,KNSA,
,,NYT,GENC,ASTH,AIRS,NL,UTI,
,,MAT,DBX,MWA,GME,MWA,STRL,
,,DFLI,BKKT,EW,AIOT,IVT,IMAX,
,,QXO,BILL,SSKN,VMEO,NSSC,ALRM,
,,SINT,TFX,MDLZ,ALCO,MZTI,MMSI,
,,TE,UAVS,SAND,INVH,FNKO,VRRM,
,,MAG,BZFD,YHGJ,LW,GEN,FLGC,
,,HLIT,REAX,PWR,QRHC,BLNK,PRM,
,,EVCM,SLE,FIGS,NVT,OLPX,FORD,
,,ZBRA,CBZ,HLIT,HCKT,OUT,EXLS,
,,SAM,WEST,DFLI,MLAB,FLGC,PLAG,
,,EVGO,DH,MRK,CMRC,FSP,WKSP,
,,AGAE,TNET,EXK,J,REVG,SPNS,
,,RNG,MIR,FFIV,HUBB,NTGR,OLLI,
,,COMP,FI,FEIM,RDWR,GVA,WSM,
,,OPEN,TSQ,CAN,SOTK,TRUP,GOGO,
,,IQV,GNRC,BCO,WSO,TWLO,SFM,
,,TACT,BURL,LAKE,LOW,CSBR,AXGN,
,,EWCZ,CPAY,AZTA,ROP,LIQT,APDN,
,,SSKN,MAT,MO,CWST,UG,NXDR,
,,RMD,FND,RBA,NKE,BYON,CRON,
,,GWRS,GDYN,SLQT,ASML,CYRX,MCHX,
,,FSLY,ALHC,COHR,AMAT,RVTY,WM,
,,LIQT,ZWS,IPA,ZBRA,UBER,FUBO,
,,ZWS,ALM,XOS,ASH,CPNG,GRPN,
,,QNST,NTAP,CSCO,OWLT,TRNO,GEN,
,,TLRY,KRNT,VNDA,SAM,UAVS,WMB,
,,UHG,MCK,SSD,NDAQ,ALLE,ATRC,
,,UNH,AMH,CTKB,OTLY,JBTM,STX,
,,SMSI,DLO,RBBN,XPEL,BLIN,CARG,
,,EVH,HBI,HAYW,AWI,UAA,AWI,
,,XGN,CLX,NICE,AVB,AMZN,HD,
,,FLUT,WOLF,ICCC,QSR,FIX,INUV,
,,FTCI,BWMN,HL,ALLT,KRNT,THTX,
,,OPRX,MITK,SAIA,GRMN,K,MTEX,
,,STEM,EVER,DCI,CXM,COTY,TWLO,
,,CHD,NVR,NGVT,FUN,STVN,ZVRA,
,,PWR,LEDS,CNNE,TRUP,INUV,CRM,
,,GROY,HQY,CAT,OLO,LWAY,BLZE,
,,MLNK,PAYS,AVY,OM,PECO,CSCI,
,,PUBM,JNJ,PCH,PDEX,TAIT,SMTC,
,,FND,GAME,FIVN,IR,ITGR,COCO,
,,UDR,VNT,DV,OLLI,CWH,BATRK,
,,WFCF,RDNT,LEVI,FWRD,BLZE,ZBRA,
,,COTY,KNOP,LSTR,DPZ,RDNT,KIDS,
,,GROV,HSTM,OTEX,GLOB,ULCC,LOPE,
,,EPAM,POOL,ILMN,GEN,FIS,SG,
,,EA,SABR,IRDM,SCCO,PWR,SAND,
,,CSL,RVTY,NSA,CME,COO,GFF,
,,GDYN,MSN,SNDA,CHDN,TTGT,VITL,
,,JNJ,KMB,BRLT,DBX,LYV,TRUE,
,,NSC,FWRD,HCKT,TJX,UDMY,ASM,
,,SPXC,RNG,BIP,TYGO,WY,HLIT,
,,ALHC,GB,DLO,ADMA,RELY,KAI,
,,LPTH,DIOD,DBX,NXDR,TE,SSTI,
,,CMBM,BSM,FIS,MPWR,ALGN,WRN,
,,AMZN,STX,ATEN,CPT,NDAQ,PLL,
,,FORM,PLL,MIR,SHC,CLRO,USLM,
,,SPG,CENN,LNTH,ACCS,STE,GME,
,,WELL,TSSI,IRT,DHR,EVCM,CGNT,
,,MITK,TRU,TNXP,FLUT,IPAR,ACIW,
,,FELE,CDNA,APPS,TWLO,CARR,NDAQ,
,,WGS,VNDA,BSM,LVLU,MTEX,TOON,
,,RMTI,RBBN,PRGS,SGI,DNA,AEI,
,,UUUU,TRX,COHU,TRU,LOGI,BEPC,
,,SKY,ANIP,EGAN,INTZ,RGLD,BRO,
,,QUAD,MRK,GTM,AVDX,CTEV,PCYO,
,,CLLS,USAC,BMRN,HRTX,REAL,SEAT,
,,USPH,PRGS,RGCO,JOE,ARLO,BATRA,
,,IDN,BLBD,NEXT,MOD,LRCX,RSG,
,,LFST,TXRH,CLRO,AIRG,VVV,DLB,
,,ALLE,IQV,LFST,HWKN,NXPI,NXPI,
,,ADP,CSCO,FERG,AUPH,TRVG,AORT,
,,PCTY,BLD,GDRX,AZO,ABL,MXL,
,,PII,ON,NVVE,PAYC,HNST,LUNG,
,,PSA,FLNT,WFCF,SSTI,OLO,MLNK,
,,AEIS,ENR,CNM,PSA,FLUT,WST,
,,META,SIMO,GLPI,PG,ANGO,GAMB,
,,XYL,LIQT,EPAC,FIVN,MLNK,EL,
,,TEVA,MAXN,LRN,KAI,LNTH,TRUP,
,,ANIK,PCYO,AGL,AMGN,MGNI,RELI,
,,OM,LNTH,ALLE,NATH,FFIV,SCCO,
,,BRO,FSLY,INLX,NEO,VERB,CPNG,
,,VERI,IIIV,RNG,MAMA,KN,RSKD,
,,CARR,WMB,SCHL,OTIS,GWW,TZOO,
,,CNNE,BYON,CDW,IMAX,LFWD,KLIC,
,,PG,NSP,SKLZ,BILL,FCEL,VYX,
,,PBI,VERO,OLLI,MEDP,PATH,MVST,
,,GLP,LXP,HWKN,STIM,SOWG,NCMI,
,,FBIN,CIEN,NVT,A,KNSA,SGBX,
,,ZG,TLYS,WTI,INFA,AVAH,LUCK,
,,ALRM,ACN,EXPD,COHU,AVB,SPG,
,,PRCH,BNGO,AMC,ATRC,KRUS,RELY,
,,REGN,RPID,CHH,MMC,SMLR,CSPI,
,,NICE,FSS,ROST,NBIX,KOSS,DAY,
,,USEG,JHX,XWEL,HD,BRN,FIS,
,,NVVE,NICE,BROS,SBUX,CLX,ATEN,
,,VRTX,VVOS,ICUI,PNR,AEI,INVE,
,,PLX,AIRT,ANGO,CLMT,EXK,GILD,
,,CIGI,MDLZ,BBWI,KNSA,UNP,CME,
,,SMHI,DAIO,RSKD,ROAD,RMD,WCN,
,,BR,IBM,XTNT,DNA,ESS,KRYS,
,,Z,VTR,COLD,CBZ,EXTR,IOVA,
,,FORD,MRVI,AVB,MP,EVO,IPAR,
,,STE,BFAM,CECO,LAW,CXT,HQY,
,,AMBP,PTON,HOLX,CL,WYY,AIRT,
,,TNXP,FTCI,AWI,SRAD,CVI,DHR,
,,PAYX,CHH,CRUS,LULU,AMRX,MGNX,
,,ELS,VSCO,FSV,GWW,WWR,ZIP,
,,MCHX,AUPH,WTS,CHD,PTON,KO,
,,BLKB,JACK,LAND,NXPI,IDR,NBIX,
,,LVO,ACIW,KW,MMSI,ASYS,QSR,
,,BRLT,EXAS,DVAX,LNTH,CSPI,CGNX,
,,AWI,LSTR,POWL,ZYXI,MIR,AMGN,
,,BEEM,AVY,LYV,QXO,ALKS,UDR,
,,VVV,CPT,AVAH,RVLV,RBA,ETSY,
,,JYNT,PEP,POOL,BWIN,PDFS,IAUX,
,,NGVT,WSM,TPIC,EXLS,AXR,BRKR,
,,GTLS,PECO,UHG,ILMN,KW,HCKT,
,,CRON,GFS,TLRY,TRMB,SEAT,MEDP,
,,CPS,COCO,BYON,ZWS,ORLA,CHWY,
,,RPID,CLRO,WHD,FIZZ,PAYC,META,
,,RHI,MKC,AVTR,ELMD,KMB,NVEC,
,,XOS,CRSR,VRNT,CURV,NYT,EXEL,
,,LIVN,AGL,REAL,SMRT,LIVN,PLX,
,,SSD,ZIP,SNES,CWAN,NKE,GGG,
,,ARAY,PMTS,CIGI,ECL,XPOF,CLMT,
,,ODV,ALC,HD,PAVM,VRRM,BETR,
,,KAI,RMNI,BWAY,DT,TRU,CNNE,
,,TRU,AXGN,LECO,BLZE,PHG,SHW,
,,GEVO,ONTF,FRHC,HIMS,HIMS,EXAS,
,,VYX,SAIA,AMH,AMT,CHWY,AZO,
,,WHR,SYTA,ACTG,SQNS,WRBY,A,
,,GMGI,EBAY,CSCI,FORM,TR,PATH,
,,LECO,BLNK,SABR,SPG,META,SCLX,
,,MDXG,MAA,COO,PTON,SNBR,LEU,
,,DHR,EEX,GWRS,JAMF,FBIN,RDWR,
,,EL,PAR,RVLV,CALX,MAT,TBCH,
,,WCN,EPAM,LNW,AJG,MAA,DOMO,
,,EXP,SBUX,LULU,VSCO,FOUR,COST,
,,UDMY,GTM,LVS,COST,ACFN,SMTI,
,,ORGN,BLRX,STAG,GRAB,GEVO,ABT,
,,INUV,LSPD,MTCH,PEGA,BEEM,IDN,
,,LIN,TCX,GME,UDMY,CSCI,LII,
,,CLFD,MU,RSG,RMBS,WMS,NVT,
,,FSV,SGRP,AIRS,REAX,SGBX,DNA,
,,COUR,NEXT,EVGO,LVO,EMR,WRBY,
,,VOXR,EMR,IZEA,SRPT,JAMF,EQIX,
,,WSO,PGNY,RPID,VTEX,ALRM,AVDX,
,,PRM,AIOT,KLIC,NDSN,LAUR,ALLT,
,,ROP,NEO,AVDX,LII,OKTA,VFC,
,,PRKS,SMSI,EMPD,BRO,NTAP,FTEK,
,,INDV,RSG,GSK,ACN,ZWS,MRVI,
,,APYX,PWR,FOUR,CHH,AMSC,CDNA,
,,KRP,CSPI,GOOS,BCPC,ALCO,BLDP,
,,ECL,RELY,J,WFCF,QLYS,TSSI,
,,TDC,GMAB,KEYS,AON,FLYW,WSO,
,,AMT,IDCC,EVCM,LRCX,VNDA,GRMN,
,,AON,PM,PLL,ITW,BDX,MAR,
,,CWH,RGLD,CMPO,QTRX,PRMB,LAR,
,,MP,AWI,ARAY,CLOV,SCCO,QTRX,
,,ULCC,NKE,PECO,OSS,BFAM,LAW,
,,CRNC,WYY,AMZN,ROKU,OFLX,VST,
,,CDNA,CPNG,FN,GGG,HALO,PLUG,
,,CL,FWONA,MKC,VALU,GDYN,PD,
,,DIBS,SEDG,MAX,GSAT,HAYW,CNVS,
,,AVAH,LOPE,FWONA,SNES,GIL,OKTA,
,,RYN,STKL,NVR,RMD,VMAR,STVN,
,,CVNA,MOD,DAVA,VMAR,MSTR,UBER,
,,FNV,OSS,DLB,SNAP,TRUE,RMBS,
,,MELI,ROST,WY,KO,EVC,RAMP,
,,BFLY,WFCF,BIPC,DOCU,RMBS,PSA,
,,MXL,TRUP,EVH,ARDX,HOLX,OLED,
,,JKHY,BCO,FI,LNSR,ATEN,CCCS,
,,SHLS,EPAC,CTLP,CLX,CSTL,FLUT,
,,MAR,SRAD,GRAB,KRYS,SDGR,CALX,
,,SHC,WMS,TRUE,ORGN,UPXI,PHR,
,,CENN,HBIO,TXRH,VCYT,SFIX,SPXC,
,,WWW,FA,HAE,SLSN,VST,WPM,
,,CHE,GRPN,LSPD,ZETA,OFIX,SOTK,
,,COCO,CVNA,IQV,HQY,TOON,IMCR,
,,BCPC,ORN,FVRR,EXTR,ACVA,MO,
,,COHU,CME,HBIO,NTAP,SIGA,FDS,
,,VRRM,EXLS,RVTY,HNST,PLL,OR,
,,SPGI,LECO,BURL,CBOE,IIIV,NATH,
,,ABT,CLFD,NHTC,YUM,FIZZ,EFX,
,,PRPL,TDW,LFMD,PLBY,AWRE,LULU,
,,CTKB,RVP,TCX,JKHY,MLM,ROP,
,,OTLY,EB,NEOG,CAN,GRPN,CELH,
,,NPWR,STE,FSS,FRHC,SGI,DECK,
,,POOL,MTCH,CMPR,WAT,NDSN,EBAY,
,,HIMS,TTEK,WKSP,FNV,CSCO,DCTH,
,,ADN,GWRS,QCOM,UDR,FSV,ZETA,
,,IR,AEI,QRHC,CCCS,HSY,INSG,
,,AFRM,RDVT,OTRK,RPD,ACN,ENPH,
,,TOI,VFC,RYN,APYX,LSPD,FGEN,
,,TMO,HD,CARG,PHR,XYL,GORO,
,,EXLS,GENI,FSLR,GOLF,VMEO,REAL,
,,PYXS,TRNO,CPAY,IRM,MEDP,ODFL,
,,PGNY,BIO,EXLS,SOWG,AKBA,LMAT,
,,IMAX,XOS,JNJ,EFX,WM,BCRX,
,,ARLO,LIND,AMGN,TTEK,PAY,TWST,
,,OPTT,TREX,XIFR,TPB,HURN,ROKU,
,,IRM,SMHI,VMC,SYK,RSG,DPZ,
,,EMX,ICLR,UBER,U,DHR,BWIN,
,,DOCS,MCHX,MMI,UROY,EVLV,MELI,
,,LZ,MMI,BNTX,POOL,ROKU,ITW,
,,ROKU,ZBRA,VFC,MITK,CVNA,MQ,
,,BMRN,MKSI,LMB,ALHC,FTCI,OSS,
,,AZ,NGVT,PRMB,TT,TREE,SEDG,
,,PLOW,INSE,WM,WCN,CALX,AON,
,,SBUX,ABEO,GDYN,ENPH,VTR,ECL,
,,LITE,WOR,MAS,MORN,FSI,USEG,
,,HUBB,EMPD,WSM,LAB,AWI,TJX,
,,GRAB,EXPD,CWST,WELL,FNV,CERS,
,,ITW,TEVA,ETSY,EPAC,INDI,BNTX,
,,HHH,CACC,INVH,AIV,TSCO,SYTA,
,,DAVA,NRDS,RDWR,RELY,CLOV,ATLN,
,,STVN,LNW,SLE,SIBN,MKC,EW,
,,SHAK,TDC,ANIP,IRIX,IR,PAYC,
,,BMY,ANIK,COST,LIND,OSUR,OTIS,
,,MMI,CNNE,RRR,BLFS,QXO,PDFS,
,,LVTX,SHW,MAA,TMCI,CPT,IT,
,,KO,CNM,ZWS,ELVA,CENN,TT,
,,PM,BATRK,CME,GDYN,RPD,ZVIA,
,,AMRX,BFLY,LOGI,CGNX,NVMI,VRTX,
,,HAYW,AZO,BAK,MTN,GROV,TR,
,,PLBY,AIRG,NBIX,ODFL,IDN,FRSH,
,,JCI,TKNO,FRT,HROW,CME,U,
,,SNES,ICE,ATRC,NVMI,MQ,WELL,
,,AAON,INVH,PNR,CPRT,TRMB,IBM,
,,TYGO,GME,DIBS,NEUE,ICE,MRVL,
,,AUPH,RVYL,FCEL,AFRM,MO,ELS,
,,GLOB,CECO,WSO,EVGO,HHH,MGNI,
,,NRC,EQR,CSL,AMD,FELE,TPR,
,,GGG,AVB,RGLD,AMSC,PCTY,PTC,
,,ADMA,HUBB,ANIK,VLN,EA,AMD,
,,SCCO,MCFT,XYL,FA,OPK,PSTG,
,,GILD,WEX,MZTI,SNPS,RSKD,ADBE,
,,CCI,CDW,NBY,KOSS,CIEN,ZTS,
,,ZETA,MMSI,ONTF,INSP,SEMR,PRCH,
,,NABL,OPRX,KRNT,COOT,CTKB,GDDY,
,,PTCT,NRC,VCYT,SHW,SSTI,UAMY,
,,FLGC,INTU,LGND,SPGI,COMP,LFMD,
,,MEDP,MP,BWIN,ONTO,VMC,SBUX,
,,XPOF,AOS,BLNK,LPSN,TTEK,AKBA,
,,MLAB,GEN,LII,KEYS,HUBB,TMCI,
,,OLED,SHC,WMS,TNDM,DSP,INFA,
,,NSSC,PAYC,TJX,DLO,WRN,DOCU,
,,JOE,TOON,PNTG,INOD,PTC,LGND,
,,STAA,FN,CTRE,TMDX,AMTX,SPGI,
,,MSTR,FIS,AOS,TRI,NXDR,IVVD,
,,VMC,COO,NXPI,KRUS,IPG,CODX,
,,EQIX,ATRC,TRUP,SNBR,AJG,ERII,
,,ADPT,AZTA,FWONK,NSSC,HD,LAB,
,,AZTA,INNPF,CPNG,TXN,VCYT,DKNG,
,,MGNI,UDMY,KAI,TLS,BVS,CPRT,
,,PLNT,BWIN,OTLY,BSX,SLP,SRAD,
,,CLMT,UNP,NEO,VRAR,TMO,PAY,
,,INFA,KAI,UG,LGND,ODV,MORN,
,,PNR,GRAB,CHDN,CETX,GILD,MSFT,
,,POCI,ISPO,INNV,INDI,CCJ,DFLI,
,,ZYXI,BATRA,TRNO,IT,CCEL,ORLY,
,,TXN,BRO,WEX,NRDY,FWONA,AMSC,
,,OTIS,EGAN,IPW,KLTR,GSAT,ONC,
,,BATRK,FWONK,ELMD,AORT,BLDP,INLX,
,,WHLR,IPAR,UNP,CRM,NEO,DAWN,
,,LMAT,XTNT,MCHX,INSG,FF,TMDX,
,,PAY,NDAQ,BVS,MLNK,SNES,BW,
,,ACRS,WRBY,CIEN,POCI,IBM,IRM,
,,EFX,JKHY,FND,REAL,NCMI,HSY,
,,AGFY,IVF,VLN,TSSI,AAOI,TXN,
,,BNTX,BROS,STE,ZTS,MRVI,DT,
,,VCYT,VMC,NRC,OLED,JOE,BFRI,
,,SMRT,ATEN,CVNA,IRMD,SRAD,Z,
,,SMID,INTZ,ALHC,ELS,CIGI,RSI,
,,NFLX,MAMA,QXO,LXRX,MAR,BROS,
,,IPAR,TJX,ABT,FGEN,J,WMG,
,,TMDX,MNTK,RMBS,BROS,INVE,MNST,
,,IRMD,KLIC,GENI,CCO,ALHC,POWI,
,,NVMI,XGN,VTR,SHAK,INVZ,WDFC,
,,PTON,XYL,KRP,CVNA,KIDS,FTK,
,,MSGS,EVCM,ACN,AXGN,RDNW,AAOI,
,,CTSO,COLM,HALO,EW,RHI,ZG,
,,PI,USLM,EKSO,CMPO,LIN,AJG,
,,TT,NVT,CPT,VRTX,GEL,SEER,
,,BATRA,EL,RDVT,FAT,LAB,CWAN,
,,EVO,U,NYT,FATBB,ZETA,PM,
,,MNST,CYRX,VRRM,KLAC,BR,AIV,
,,TRI,IQST,CGNT,ORLY,EVTV,ACVA,
,,LRCX,WHWK,FA,RH,SHAK,FAT,
,,CCJ,DIBS,CRGO,FROG,CMRC,MCD,
,,ETSY,ERO,FIZZ,BR,NAGE,FATBB,
,,MCD,CRON,EFOI,USLM,SMRT,MIR,
,,CCCS,OTLY,ZBRA,PDFS,AGAE,SNAP,
,,CLX,CTRE,BLKB,MSI,MSFT,WEAV,
,,KIDS,GWW,WRBY,XGN,ALLT,SYK,
,,MAS,DGLY,AIRG,EQIX,QTRX,LMB,
,,BLDP,VOXR,GRMN,FTCI,LPSN,INDI,
,,FRPT,LOGI,TTEK,FRPT,FKWL,SEMR,
,,NBIX,NHTC,MASS,ZG,AGI,KPLT,
,,AXGN,VVV,USLM,MCD,LEE,JYNT,
,,CTAS,RMCF,EQR,PRO,INNPF,NEUE,
,,SMWB,RMD,INDV,DKNG,MMM,RDVT,
,,CYRX,LAR,JYNT,QLYS,IMAX,QLYS,
,,AMC,STVN,COCO,NVEC,BWIN,ATEC,
,,BYON,OTRK,PM,ANIK,JKHY,SRDX,
,,GENI,SYM,REGN,PAY,AMD,VTEX,
,,BW,PSA,GWW,DAY,OSS,CRVL,
,,AAPL,SPNS,IDR,LEE,OR,OABI,
,,ACVA,AMZN,FLUX,TNXP,WTI,CYN,
,,MSFT,BLKB,W,KPLT,CCCS,PAYS,
,,DPZ,NYT,SMRT,SGHT,ELS,DNN,
,,GSAT,CRM,QSR,SEMR,RIVN,TISI,
,,DLO,WMG,NHI,PRGS,TNDM,KLTR,
,,ATRC,WSO,STIM,NOVT,GRMN,RGEN,
,,VFC,SHAK,RDNT,PATH,SHC,PLCE,
,,IHRT,IPDN,BRO,VCEL,COST,PINS,
,,MCO,RH,ESS,WRBY,EW,AGAE,
,,WMS,CSW,REAX,NDLS,WKSP,ODV,
,,ONTO,COST,VRAR,CELH,PRKS,SPSC,
,,MYGN,BBWI,IEP,ADP,ORGO,CVNA,
,,ODFL,NVEC,USAC,WST,LITE,VRT,
,,IEP,ACLS,SPNS,TENB,PHAR,CCI,
,,MORN,KOSS,AZN,ARLO,QVCGB,SPT,
,,WHWK,CALX,LIQT,ZVIA,MGNX,FTCI,
,,BSX,CRAI,WCN,MSFT,MMSI,SBAC,
,,RIVN,WM,AEIS,PD,KAI,GLBE,
,,TPL,MMC,IDCC,MNST,WFCF,BSX,
,,CWST,ABT,PENG,Z,THRY,MASI,
,,SYM,CODX,IPDN,AEHR,PG,NPWR,
,,QLYS,AMC,AORT,MTD,FWONK,NRDY,
,,PTC,LII,NRG,CTSO,USAC,BDSX,
,,WAT,CRUS,INNPF,MYO,CSL,MXCT,
,,TECH,VGZ,AMSC,ABBV,OLED,YUM,
,,WMG,LZ,DWSN,GDDY,CGNX,BFLY,
,,ZTS,AAOI,EU,TXG,FLL,FAST,
,,SAP,CTKB,META,MAR,CWST,CXAI,
,,MASI,TDUP,LPTH,NEWP,CHD,NVMI,
,,LFMD,WD,SINT,EVLV,AVDX,DAVE,
,,CERS,CARG,PLUG,FAST,BCPC,CSGP,
,,STX,WELL,CERS,CSGP,RDVT,AMPL,
,,AIMD,KIDS,MLAB,SMTI,BRO,AEYE,
,,LVLU,RYN,GLOB,BATRK,RSI,BLFS,
,,ILMN,SINT,NAGE,LMAT,GGG,ABBV,
,,MSAI,META,VALU,LITE,PSA,HLT,
,,NEO,CHE,WD,ADBE,MDXG,OM,
,,FTNT,CHD,ALGN,AMTX,AZO,TKO,
,,PLL,KN,HSY,DXCM,TMDX,TOST,
,,MTA,ORCL,ITW,FRSH,IDCC,RXST,
,,PINS,SPXC,ECL,DCBO,PLUG,MMM,
,,PLUG,CTSO,SHC,PZG,LFCR,ONMD,
,,QSR,BAH,HUBB,HLT,UDR,MDB,
,,BLZE,AZN,ICE,DFLI,ADP,TVTX,
,,VRAR,PPSI,TSCO,WHWK,VRT,UIS,
,,HYPR,DAY,TRMB,MESA,CSW,DCBO,
,,LAB,AGAE,BLZE,AAPL,PINS,HYLN,
,,BMI,QGEN,NCMI,OESX,KLAC,AAPL,
,,COMM,ROIV,ROP,GP,FRSH,DXCM,
,,BFRI,AEIS,NDSN,MRVI,WCN,IDAI,
,,MIRM,WCN,PAYC,FDS,DPZ,ELF,
,,WRN,DVAX,NPKI,APPF,EQIX,NRC,
,,ABBV,ZYXI,PTON,CORT,HCKT,CVRX,
,,AQB,MAR,WHWK,SBAC,OTLY,CMG,
,,VRSN,GRMN,TREX,VRT,AEHR,TRMB,
,,DASH,UDR,WRN,BATRA,ZG,CRGO,
,,GRNQ,MTA,NABL,PAR,CLLS,EA,
,,CSGP,ZG,NRDY,HYPR,MAG,AMTX,
,,MQ,CWST,FORM,PTC,ROP,WAT,
,,DAY,ADMA,AGAE,TBHC,MMLP,NOVT,
,,DT,SNES,TT,POWI,APD,GENI,
,,ALGM,WEAV,PROP,PSTG,EPAC,TENB,
,,CDLX,MELI,JKHY,CSW,AFRM,WWR,
,,TKNO,TOMZ,SBUX,ETON,HUMA,ARLO,
,,LAR,SPG,LITE,TECH,FI,INSP,
,,FIVN,GGG,QNST,RFL,IRM,ADMA,
,,KNSA,IVDA,TNET,BW,CHE,ACRS,
,,CCO,FCEL,CHE,SLAB,FC,MASS,
,,CODX,BMRN,PAY,SOND,KEYS,V,
,,TRAK,SMRT,CCI,ONC,DAY,SIBN,
,,SEMR,COHU,MOD,RGNX,PLAG,CLBT,
,,SYK,ALRM,MMC,ATEC,SQNS,AUTL,
,,IAUX,BLZE,LPRO,ALGM,AORT,VMAR,
,,SPOT,TT,EEX,BMI,MMI,ANET,
,,V,PAY,OTIS,MDXH,SWIM,ARDX,
,,REAL,Z,WELL,SHOP,Z,PEN,
,,AAOI,PUBM,FNV,LUNG,GDDY,SNES,
,,AQMS,ESS,JAMF,EYPT,ABT,LPSN,
,,BRBR,SCCO,IMCR,WDAY,IVVD,PRPL,
,,VRSK,MLM,BW,SPOT,EDAP,PAVM,
,,YUM,PLUG,XELB,BLKB,POWI,ALGM,
,,EU,FDS,SCCO,STAA,COCO,NUKK,
,,FAT,LFMD,SEDG,LIDR,WPM,AMT,
,,FATBB,TMO,BATRK,EOLS,NEXT,AQMS,
,,LII,DNA,NOTE,TOST,AMGN,PI,
,,CRGO,PFE,WKHS,DASH,EU,SAP,
,,OFLX,DV,MTA,FLYW,A,AAON,
,,NAGE,NXPI,AERT,COCO,LAW,NVDA,
,,SBAC,ETSY,KIDS,NCNO,SKYH,BRBR,
,,AVPT,WRN,AIV,VIR,AMAT,MSI,
,,GRPN,ORLY,INFA,PODD,SLAB,HYPR,
,,OTRK,OKTA,INTZ,V,MAYS,PEGA,
,,AGYS,EVLV,FLGC,PAYX,VRAR,TBHC,
,,XTNT,AORT,BOOT,TPL,BATRK,LLY,
,,FLUX,SNDA,NDAQ,PEN,EXAS,BMI,
,,YETI,QSR,LIN,LESL,CMPO,SLDP,
,,KLAC,SEAT,STZ,FLNC,WST,MTSI,
,,SHW,PG,IRMD,PM,THTX,S,
,,ALGN,LIN,IR,BRBR,ORCL,TDUP,
,,BRKR,ALGN,MORN,TELA,RYN,EU,
,,MAX,DOCU,VITL,DSGX,CL,DSGX,
,,INTA,APYX,KRUS,VRSN,ITW,PESI,
,,QTWO,LNSR,MMM,ROL,URG,XAIR,
,,PODD,PACB,NKE,JYNT,EXLS,SLAB,
,,AEVA,NCNO,CALX,MNKD,EP,SNPS,
,,RMBS,REGN,NSP,CRVL,AHT,ROL,
,,FFAI,QCOM,MAR,EXAS,TMCI,WDAY,
,,MNKD,LAW,BFAM,GLBE,PAYX,WGS,
,,UBER,VITL,PG,BYND,GLPG,SKE,
,,TYL,JOE,WRAP,IDXX,SPG,AUUD,
,,CHH,KRP,LRCX,YEXT,APPN,TPIC,
,,VIR,MO,OFLX,TYL,CELH,BTDR,
,,ZIP,GLOB,AMAT,DOCS,VTEX,SMWB,
,,NINE,GOGO,STX,DOMO,AON,IFRX,
,,CRVL,CXM,ZG,LEDS,WD,BRZE,
,,CMG,TUSK,CMRC,AMPL,ODFL,BYND,
,,AVDX,TBCH,SPXC,RGEN,ADBE,GTLB,
,,SG,ROKU,AJG,CLBT,BSY,LODE,
,,BSY,CELU,GEN,ORCL,PNR,BINI,
,,NOVT,IR,BATRA,PCTY,SPT,CLGN,
,,SEER,GEVO,ROKU,VRRM,SNAP,MSAI,
,,CGNX,EVO,MEDP,ATRA,HBI,MPWR,
,,FRSH,BCPC,MMSI,MSGS,GRAB,VIR,
,,DV,LVO,TRU,WDFC,TT,TOI,
,,ANET,BLDP,GGG,PLNT,EFX,RIVN,
,,BLRX,ACFN,PBI,UI,FRPT,VLN,
,,SCLX,PLAG,TMO,KRP,PD,QTWO,
,,LAW,ABL,APYX,IRTC,ASPS,TYL,
,,LODE,ORGN,UDR,CMG,CXAI,VERX,
,,IT,NOTE,ATLN,TREX,FDS,APYX,
,,DVAX,EQIX,SCLX,PSNL,YETI,CDXS,
,,NEUE,SLSN,FLUT,FTNT,IDAI,MCO,
,,IRIX,OFLX,U,MA,LAR,SES,
,,HLT,SPGI,DPZ,HYLN,WMG,AVGO,
,,AMTX,HAE,CTVA,TKO,EVGO,STAA,
,,LEU,KO,KOSS,AAON,BSM,SYM,
,,CELU,ECL,OR,SPSC,BATRA,XBP,
,,KLTR,TRI,RAIL,SLE,IRMD,PLNT,
,,POWI,SOTK,Z,AVGO,IMCR,IDXX,
,,JAMF,ODFL,CORT,IMCR,BFRI,MIRM,
,,PEN,IRMD,ARLO,SLP,OTRK,EP,
,,WST,ITW,NTAP,JMIA,WELL,PODD,
,,ABL,NDSN,BRKR,ANET,MELI,MNKD,
,,TSLA,OTIS,OKTA,SG,NOVT,ADSK,
,,ROL,ATLN,COLL,CRGO,TENB,BE,
,,SLDP,CL,SHW,MXCT,MORN,FROG,
,,EW,PCTY,EDAP,PANW,CDNA,MYSE,
,,WKSP,RSKD,UI,GOGO,POOL,XWEL,
,,BE,TR,CARR,SAP,BW,DASH,
,,RGS,GDRX,FRSH,MRVL,XBP,SLE,
,,NVTS,UBER,CL,ELF,BOXL,TNDM,
,,WEX,NABL,PPSI,LEGN,SPGI,SHOP,
,,RAIL,AIV,ORLY,CTAS,ORGN,HAS,
,,VRT,MYGN,ORCL,MXL,IAUX,FTNT,
,,RACE,CMRC,RH,ZS,MAS,GYRE,
,,HYLN,NRDY,MRNA,NVTS,ECL,TIVC,
,,LIDR,INDV,MLNK,NFLX,ATRC,GRND,
,,ABAT,AMAT,CBOE,MCO,SAP,LVO,
,,BLFS,EFX,BKYI,ADPT,MNST,MYO,
,,MTSI,CCJ,JHX,LCID,MCHX,PAR,
,,MRVI,AMT,QTRX,XERS,QSR,APPN,
,,RGEN,AON,CLMT,AI,SRTS,CORT,
,,MTD,VECO,SHAK,QTWO,NBIX,SABR,
,,NTNX,LITE,OPTT,EP,U,GWH,
,,SERA,WPM,IT,SMTC,WEX,HIMS,
,,CDXS,CCI,CSW,LLY,AMC,STIM,
,,ETON,JAMF,WLY,SPT,SPSC,VRSK,
,,VTEX,TVTX,MMLP,ESTC,DECK,TELA,
,,SNAP,SOWG,BCPC,LFCR,HQY,CVLT,
,,PZG,ADP,AFRM,VRSK,ZTS,DOCS,
,,CXAI,A,GSAT,BASE,BNTX,AGEN,
,,MAXN,HYPR,EXAS,MSCI,LMNR,PCOR,
,,AEYE,GSAT,A,ISRG,WDAY,SOC,
,,RPD,KRUS,QLYS,APPN,SPXC,ADAP,
,,OUST,MASI,GDDY,MASI,INOD,SLP,
,,IFRX,NVVE,GRNQ,AVPT,SSKN,MANH,
,,AMPL,PLBY,IDN,MNDY,TXN,MSCI,
,,NEWP,QTRX,LAW,BSY,WKHS,LSCC,
,,ERII,HALO,WLYB,ADSK,CHH,NFLX,
,,DCBO,DLB,DAY,BDSX,CLMT,XERS,
,,FRSX,RAMP,SPG,BFLY,IT,REKR,
,,PDFS,IRM,ODFL,CVLT,CERS,ECOR,
,,SKIN,DHR,GRND,CCI,WDFC,HRTX,
,,EVLV,DOMO,AAOI,CVRX,DE,WHWK,
,,VERX,ROP,STAA,XPOF,BMI,TTD,
,,TENB,VRRM,MYGN,NVDA,AIMD,HROW,
,,FLYW,AVDX,VERI,BRZE,WAT,LOCL,
,,AMGN,CPS,CXM,ACVA,CTSO,BSY,
,,NUVB,MSPR,NVCR,OUST,ETSY,CVAC,
,,PAR,BRBR,ATEC,CDXS,FAST,VRSN,
,,SABR,STIM,RMD,IOVA,LMAT,HUBS,
,,AMD,MORN,VVOS,SRDX,EYPT,NVCR,
,,DUOL,FAST,IBM,DCTH,KRYS,TGTX,
,,CELH,MSGS,MASI,LINK,IRIX,ARQT,
,,SPSC,TRUE,USAS,NNOX,SBAC,ISRG,
,,NOW,PODD,BSLK,TOMZ,CNK,AVPT,
,,EXAS,NPWR,BBAI,WEAV,UI,LINK,
,,MASS,FLNC,MQ,VRNS,CPAY,MP,
,,SYNA,HSY,BE,GWH,CODX,BASE,
,,OMEX,GDDY,CLX,ABAT,ZVIA,TPL,
,,AUUD,SNBR,CHD,NTNX,TTC,OESX,
,,ATRA,CCCS,LOPE,SMWB,SEER,ROIV,
,,DECK,ELS,LAB,NOW,TECH,RGNX,
,,IDXX,ERII,MNST,LPTH,DFLI,VERI,
,,JMIA,SONM,LAZR,INTU,FGNX,KRMD,
,,WWR,DT,EFX,AEYE,AGEN,WINA,
,,MA,BRKR,JOE,XAIR,TELA,ZS,
,,SEDG,PLX,CLLS,QSI,SLDP,LGVN,
,,MPWR,SMWB,PLNT,ASAN,CMG,CDZI,
,,TOMZ,FRSH,EXTR,CYBR,MMC,UUUU,
,,VLN,LGVN,AQB,PCOR,ORLY,ALKT,
,,PHAR,MNST,XPOF,ARQT,FAT,SERA,
,,GRND,RIGL,INDI,INTA,FATBB,XGN,
,,ROIV,AIMD,SYK,AGYS,TRI,LCID,
,,MSI,HIMS,AMTX,AKBA,CRGO,NAGE,
,,LINK,LGND,RSI,AEVA,PLNT,PANW,
,,CVAC,VRT,EQIX,TSLA,CYN,NNOX,
,,ITRG,FIVN,SYNA,BCRX,TKO,CFLT,
,,VCEL,DASH,EXOD,MANH,DCBO,GWRE,
,,MNDY,BTDR,DHR,QMCO,DVLT,TSLA,
,,APPF,PLNT,WPM,ONON,AGIO,AGYS,
,,PCOR,FAT,ZIP,TTD,SMTC,AIFF,
,,MXCT,FATBB,CCCS,NVCR,MXL,ASAN,
,,ONON,AQB,NVEC,DUOL,BROS,EOLS,
,,KLIC,INVE,VRTX,HUBS,ZYXI,TKNO,
,,ISRG,TLS,MP,MDB,AMT,QSI,
,,VATE,MODV,ERII,RXST,FLUX,GKOS,
,,BMRA,RMBS,PAR,ALKT,NRDY,NUVB,
,,INDI,KEYS,PSA,AAOI,SES,ZEO,
,,SMCI,MLNK,NVTS,DDOG,ANET,USAS,
,,YHGJ,SBAC,RPD,GTLB,HRTX,DDOG,
,,BBAI,HLIT,GEVO,MTSI,MCD,TARS,
,,FROG,AMPL,CGNX,CFLT,POCI,MNDY,
,,EVGN,MCD,CRM,RXRX,FFAI,FRSX,
,,TSE,TOST,MSTR,PXLW,APYX,DUOL,
,,SOND,LODE,ORGN,UEC,OTIS,PACB,
,,GWH,ODV,BLDP,NYXH,AUUD,RPID,
,,VRNS,CPRT,SEER,CRWD,MPWR,FICO,
,,KRYS,SEER,MRVI,PI,AAON,SPOT,
,,TPIC,AMGN,SOTK,MIRM,CPRT,NOW,
,,MSCI,AJG,VOXR,NET,WING,INTZ,
,,QSI,IMCR,SPGI,FICO,DASH,TNXP,
,,SGHT,CERS,TXN,S,TOST,PSQH,
,,ELF,FORM,IRIX,GKOS,RACE,NMTC,
,,INVE,MSTR,MCD,INVZ,GRND,ATLX,
,,AGIO,DOCS,PAYX,SNOW,BLKB,CLIR,
,,QUBT,AMTX,CODX,WK,SRDX,ZYXI,
,,VFS,AEVA,SIBN,RBLX,MTSI,PLBY,
,,LCID,SKYH,AXGN,GYRE,INTZ,PSNL,
,,AI,AAON,AON,GWRE,MCO,VRNS,
,,CSBR,SYK,POWI,BLND,BLFS,FNGR,
,,VUZI,DPZ,MELI,PLTR,PRCH,CYBR,
,,JTAI,ADPT,MSFT,MLEC,PESI,UEC,
,,ALKT,TXN,WST,VERX,DXCM,ADPT,
,,PACB,TXG,LINK,TGTX,SYK,VVOS,
,,CYBR,FRPT,OUST,WING,NINE,ONON,
,,VERO,IAUX,AIMD,IPWR,PEP,NMG,
,,RBLX,LMAT,BRBR,SMG,ORMP,EYPT,
,,PESI,FNV,NXGL,MDWD,MAMA,LNSR,
,,QTRX,MSFT,FAST,IONS,LPRO,NTRA,
,,INVZ,CRGO,NXDR,TWST,RGEN,IOT,
,,AUTL,KPLT,CCJ,IOT,IHRT,ONDS,
,,NVCR,BSX,SLAB,NPCE,AIV,MLP,
,,EXTR,LULU,TOST,NSPR,GAME,BRLS,
,,APPN,FLYW,PHR,LEXX,ENPH,LEGN,
,,TRIB,AUUD,PDFS,STXS,NEUE,SNOW,
,,VERB,NBIX,ELS,ENVX,BRBR,AUR,
,,AEHR,SLDP,PRPH,TKNO,KLXE,CRWD,
,,KRMD,QLYS,V,ADCT,BSX,UP,
,,PPSI,BBAI,DVLT,IGC,SONO,PXLW,
,,DXCM,WDFC,PD,OCUL,DCTH,EVLV,
,,DNN,ATRA,LFCR,PSQH,SINT,SDGR,
,,EDAP,TYGO,SONO,LAZR,NVTS,DMRC,
,,INSP,OWLT,IAUX,ASND,INLX,BHST,
,,CWAN,EXTR,DECK,AIP,AUTL,LIDR,
,,XPEL,LPRO,AUUD,MDGL,ASML,RXRX,
,,DDOG,AGFY,TXG,NTRB,FROG,DUOT,
,,REE,IT,WAT,TARS,CVAC,NTRP,
,,SONO,CRVL,SMWB,PRCT,SHW,PLTR,
,,NXGL,PHR,AMPL,DMRC,HROW,NVTS,
,,MANH,WAT,FGEN,AXSM,IDXX,WING,
,,GYRE,HYLN,BSX,ATOM,ALGM,BLND,
,,W,SAP,ADP,GH,SBUX,OWLT,
,,HUBS,KLTR,CPRT,ESTA,KLTR,NFGC,
,,INNPF,RGEN,FDS,CHPT,AAPL,OUST,
,,LSCC,ADBE,KPLT,EAF,NFLX,AXSM,
,,PLTR,EW,SLDP,LVWR,QTWO,NPCE,
,,NTRA,PAYX,NVMI,LNZA,VRTX,ESTA,
,,TREX,MEDP,APP,SCPH,FTNT,IPWR,
,,LUNG,MXL,PAVM,SERA,CSGP,AIP,
,,TTD,VSTM,NSSC,PTCT,CLGN,CLPT,
,,STIM,AQMS,NINE,RCEL,TTD,LNZA,
,,LLY,SG,YUM,AQST,HLT,PRCT,
,,MDXH,PD,FRPT,RARE,PRPL,BRFH,
,,BRLS,VTEX,KOPN,ZTEK,ACRS,IGC,
,,SES,VLN,NEWP,TVTX,BMRA,ENTX,
,,RELY,TECH,AEHR,NVAX,CTAS,RCEL,
,,LESL,CTAS,IVVD,NUWE,WINA,URG,
,,WKHS,NEUE,SRDX,MVIS,PSNL,MVIS,
,,SPT,SPOT,OLED,FRSX,GENI,SENS,
,,SHOP,YUM,DGLY,ELUT,TIVC,LAZR,
,,DNA,INTA,ZTS,QBTS,MODV,ATOM,
,,FICO,LAB,SMTI,BBAI,BFLY,CHPT,
,,ENPH,ATLX,DASH,INSM,BLND,FFAI,
,,LGVN,IDN,BFLY,VRNA,LESL,KOPN,
,,BYND,BMI,ABBV,BTDR,TOI,MLSS,
,,SIBN,PLCE,OMEX,LUCD,PM,SLN,
,,VVOS,HLT,HYPR,CYTK,INBS,MCRB,
,,QURE,NAGE,FFAI,HRB,KRMD,LEXX,
,,HROW,PSTG,JTAI,VUZI,RH,DRIO,
,,WK,XPOF,TNDM,BBIO,INSG,EAF,
,,EAF,PEGA,PAYS,TLSI,SMWB,IONQ,
,,IVF,ZETA,SYM,IBRX,MSI,RGTI,
,,CLGN,NVCR,ONTO,LPRO,DAWN,ENVX,
,,IPDN,EXOD,PEN,PHAT,PEN,RUM,
,,BCRX,WST,RFL,XFOR,MESA,EVGN,
,,DKNG,QTWO,ODV,RGTI,NEWP,GH,
,,FEMY,QUBT,VRT,URGN,YMAB,AZ,
,,LEGN,ZTS,CXAI,BINI,KO,LCTX,
,,ATEC,INDI,TRI,IMDX,VRSN,ELUT,
,,WING,ATEC,ATLX,HCWB,NUKK,QUBT,
,,NET,CGNX,BTDR,NTRP,VRSK,OCUL,
,,EOLS,SMCI,YEXT,PLUR,TREX,AQST,
,,ONC,INFA,VTEX,,USEG,SLNO,
,,SMTI,INVZ,KRYS,,IEP,INSM,
,,TOST,ONTO,KLAC,,MTD,BBAI,
,,INTZ,BE,PZG,,BDSX,BBIO,
,,AGEN,VMAR,PCTY,,ERII,RARE,
,,GLBE,GLDG,AAON,,ABAT,LVWR,
,,SLI,INSP,NEUE,,MXCT,MDWD,
,,SEAT,LINK,LGVN,,YUM,PTCT,
,,MLP,PESI,SBAC,,VLN,NSPR,
,,TELA,QSI,PLCE,,V,QBTS,
,,BDSX,V,ABL,,JMIA,ZTEK,
,,KPTI,TE,SAP,,IOVA,NEXM,
,,XXII,OABI,XAIR,,BINI,JOBY,
,,U,ADSK,MDXH,,NOW,SCWO,
,,BETR,ARLO,NFLX,,FUN,CYTK,
,,IPWR,UUUU,CSGP,,HYPR,SPRY,
,,BBIO,PTC,LMAT,,HYLN,LUCD,
,,HSDT,ONC,TKO,,QUBT,VUZI,
,,ALNY,WWR,SNAP,,MDXH,ALM,
,,NSPR,ELVA,FTNT,,TNXP,WRAP,
,,TNDM,MCO,VRSN,,VRNS,VGZ,
,,PRPH,NVMI,MSI,,W,WATT,
,,NNOX,LUNG,HLT,,MNDY,AEVA,
,,TWST,OLED,PINS,,JYNT,LQDA,
,,RGTI,DSGX,SPOT,,LIDR,PHAT,
,,ARDX,SEMR,PATH,,LCTX,FEMY,
,,TRUG,LIDR,FTCI,,AMPL,IBRX,
,,REKR,PATH,RRGB,,NPWR,IMDX,
,,AIP,INOD,BLFS,,INTU,MGTX,
,,SRPT,NOVT,NCNO,,IFRX,PCT,
,,CFLT,VRSN,WDAY,,NVDA,AIM,
,,CLBT,QMCO,DXCM,,RFL,VTAK,
,,SLAB,TBHC,VERB,,MRVL,HUMA,
,,APLS,WKHS,POCI,,INSP,NN,
,,EYPT,SLP,ONC,,ONC,COCH,
,,IVDA,CXAI,PTC,,NTNX,EOSE,
,,TMCI,AI,CELU,,ROL,NKTR,
,,MRNA,CSGP,AVPT,,BCRX,NVVE,
,,RGNX,FTNT,BRTX,,SCLX,GCTS,
,,LCTX,ALGM,FROG,,CWAN,OBIO,
,,SGBX,RFL,XGN,,TYL,QURE,
,,IONQ,OM,EL,,BE,PGEN,
,,DMRC,NFLX,CDNA,,VALN,VEEA,
,,IMCR,DFLI,QMCO,,PCOR,,
,,ONDS,LRCX,QSI,,MANH,,
,,CLIR,VCEL,PSTG,,SG,,
,,PPTA,SLAB,UDMY,,RVYL,,
,,JOBY,VERB,CTGO,,INTA,,
,,TTGT,AMSC,GWRE,,RGTI,,
,,NMG,MRVL,LIDR,,CYBR,,
,,OCUL,ABBV,TLS,,LODE,,
,,GKOS,KLAC,IRTC,,PZG,,
,,CDZI,AAPL,AMD,,QSI,,
,,WEAV,POWI,VCEL,,MRNA,,
,,CVRX,TSE,MAMA,,AVGO,,
,,GH,NUWE,RIVN,,VCEL,,
,,DUOT,RPD,ABAT,,EFOI,,
,,MLEC,KRMD,SGHT,,WGS,,
,,DRIO,TSLA,RGEN,,VATE,,
,,IVVD,ROL,WDFC,,BYND,,
,,RIGL,CMG,MAXN,,MA,,
,,ESTA,MXCT,PSNL,,SPOT,,
,,LUCD,BLFS,UAMY,,TISI,,
,,MGTX,CVLT,SMG,,MSGS,,
,,CRMD,GP,XBP,,SOND,,
,,SDGR,NXDR,HRTX,,TSE,,
,,FOLD,DKNG,ALM,,ABBV,,
,,PROP,VFS,SHOP,,APPF,,
,,AXSM,ANET,VATE,,DDOG,,
,,IRTC,NXGL,TMCI,,CLBT,,
,,TXG,S,QUBT,,ADMA,,
,,LEXX,ACVA,BMI,,ESTC,,
,,SGML,MA,TYL,,AXGN,,
,,NVAX,CYN,MXL,,DKNG,,
,,BHST,REAL,ACVA,,SURG,,
,,AQST,AMD,TBHC,,PRO,,
,,ENVX,MTD,MTSI,,GYRE,,
,,MDWD,CELH,IRM,,MSCI,,
,,ELUT,GLBE,INSP,,SIBN,,
,,SPRY,DECK,ELF,,VERX,,
,,GERN,TPIC,ALGM,,DUOL,,
,,EKSO,PDFS,MA,,LOCL,,
,,UP,WDAY,AEVA,,ISRG,,
,,OBIO,DVLT,MRVL,,PODD,,
,,ASND,SUNE,TENB,,S,,
,,NYXH,MTSI,REKR,,VFS,,
,,NPCE,PRCH,ROL,,ATEC,,
,,CNL,AVGO,SGML,,MDB,,
,,ADCT,CWAN,KO,,WSO,,
,,ICCM,TYL,TYGO,,AVPT,,
,,BLND,MSI,ADPT,,AEYE,,
,,LNZA,NVTS,CELH,,WEAV,,
,,TARS,ALUR,GLDG,,LSCC,,
,,IOVA,VIR,AQMS,,LLY,,
,,BNAI,RACE,UUUU,,VEEA,,
,,PRCT,VRSK,TECH,,RPID,,
,,PCT,DCBO,ANET,,UUUU,,
,,RXST,SIBN,VFS,,LII,,
,,PRO,EDAP,ADBE,,HUBS,,
,,LVWR,TPL,INVZ,,PAR,,
,,WRAP,REKR,EVTV,,LUNG,,
,,POAI,AERT,CTSO,,TCX,,
,,MVIS,BHST,NOVT,,LPTH,,
,,XERS,BYND,SIGA,,BRZE,,
,,PGEN,IFRX,DOCS,,ALKT,,
,,DCTH,PCOR,PODD,,PRSU,,
,,FGEN,TNDM,DOMO,,FOLD,,
,,CYN,AUTL,HYLN,,RBLX,,
,,NMTC,LCID,ADMA,,VIR,,
,,MYO,VERX,CMG,,TPL,,
,,NBY,XBP,CVRX,,NCNO,,
,,MDGL,BDSX,BR,,EVGN,,
,,VTAK,SES,TRIB,,REKR,,
,,IONS,FRSX,MCO,,OUST,,
,,PXLW,AVPT,NUVB,,ZS,,
,,TVTX,EU,OWLT,,TSLA,,
,,FUN,FFAI,ELUT,,PANW,,
,,PRSU,IDXX,SG,,BETR,,
,,ADAP,NVDA,TSLA,,AIP,,
,,NKTR,MSCI,ARDX,,CCI,,
,,MREO,PEN,SPSC,,GTLB,,
,,HCWB,FROG,CYN,,PCT,,
,,RXRX,OUST,PRO,,XGN,,
,,RUM,SNPS,QTWO,,XWEL,,
,,NFGC,RGNX,CTAS,,MNKD,,
,,SKE,TMCI,RGTI,,ADPT,,
,,SCWO,INCY,DSGX,,DVAX,,
,,LQDA,ENPH,CRVL,,ROIV,,
,,VRNA,RGTI,TPL,,LGVN,,
,,MGNX,XXII,ENPH,,BBAI,,
,,KOPN,WGS,EVLV,,LGND,,
,,KULR,SPSC,NTNX,,LCID,,
,,AREC,EYPT,CLIR,,SLE,,
,,RCEL,TENB,MIRM,,NVCR,,
,,SLE,PI,INTA,,DNN,,
,,PSQH,SHOP,RMNI,,AQMS,,
,,RARE,AGYS,KRMD,,GWRE,,
,,URG,GOOS,MTD,,AI,,
,,INSM,DXCM,MNKD,,EOSE,,
,,CLNN,TMDX,VIR,,NUVB,,
,,NN,DUOL,SEMR,,ECOR,,
,,EOSE,ISRG,MXCT,,MASI,,
,,NUWE,MIRM,DUOT,,NTRA,,
,,HUMA,CVAC,RGNX,,ADCT,,
,,COCH,GWRE,CDXS,,STIM,,
,,VGZ,DNN,ZETA,,ARDX,,
,,IBRX,BSY,BYND,,NNOX,,
,,SENS,POAI,LOCL,,NET,,
,,CTGO,PINS,SGBX,,PLBY,,
,,WATT,NKTR,DT,,NMG,,
,,DARE,APPF,ASML,,CORT,,
,,MOVE,FOLD,EYPT,,GLBE,,
,,PAVM,LSCC,VRSK,,RXST,,
,,RYTM,IMDX,RACE,,BRFH,,
,,LAZR,STAA,PCOR,,IRTC,,
,,ERNA,WINA,PEGA,,SHOP,,
,,TLSI,MSAI,FRSX,,CFLT,,
,,QBTS,SMTI,SPT,,SMTI,,
,,ONMD,ELF,CVLT,,VERI,,
,,HYMC,LEGN,SNPS,,FICO,,
,,PHAT,ZS,IDXX,,MYSE,,
,,MCRB,NYXH,S,,SRPT,,
,,PLUR,EOLS,WEAV,,EXOD,,
,,,SGHT,ADSK,,NEXM,,
,,,NMG,AAPL,,PSQH,,
,,,AUR,ROIV,,STAA,,
,,,PRPH,BLND,,GRRR,,
,,,BRZE,IFRX,,KOPN,,
,,,BCRX,LCTX,,PLX,,
,,,PANW,DCTH,,MP,,
,,,AQST,DCBO,,CVRX,,
,,,ESTC,AI,,ADAP,,
,,,AZ,AMT,,PLTR,,
,,,CLIR,BRFH,,DUOT,,
,,,MNDY,APPF,,BHST,,
,,,NSPR,NMG,,MSAI,,
,,,SPT,LUNG,,SERA,,
,,,IRTC,GP,,APLS,,
,,,ONON,YOU,,DJT,,
,,,ALKT,AGEN,,MDWD,,
,,,MPWR,WINA,,UEC,,
,,,ASML,VERX,,ADN,,
,,,NOW,MSCI,,PACB,,
,,,MANH,DKNG,,MIRM,,
,,,MNKD,LSCC,,GKOS,,
,,,QURE,BCRX,,CLIR,,
,,,SRPT,DNN,,EOLS,,
,,,ESPR,GWH,,ARQT,,
,,,KRYS,CWAN,,LINK,,
,,,SMTC,GLBE,,ZEO,,
,,,AEYE,PESI,,NVVE,,
,,,HROW,ISRG,,TKNO,,
,,,PRO,APPN,,ALNY,,
,,,HUBS,OESX,,ZIP,,
,,,NNOX,NVDA,,CDXS,,
,,,SNAP,CFLT,,BNTC,,
,,,SNOW,HUBS,,RUM,,
,,,NTRP,AKBA,,BRTX,,
,,,ASAN,ZS,,VVOS,,
,,,CYBR,TMDX,,DMRC,,
,,,LLY,STEM,,USAS,,
,,,NTNX,BSY,,SNPS,,
,,,NTRA,ALKT,,LEGN,,
,,,ITRG,PANW,,ENTX,,
,,,PLTR,DDOG,,UAMY,,
,,,BASE,MPWR,,ATLX,,
,,,RBLX,WGS,,CDZI,,
,,,XAIR,BRZE,,SOC,,
,,,DDOG,NNOX,,MYO,,
,,,LCTX,LLY,,UP,,
,,,CRWD,DJT,,ONON,,
,,,FICO,POAI,,MLP,,
,,,ONDS,ASAN,,IPWR,,
,,,VRNS,GTLB,,ENVX,,
,,,BETR,BASE,,ATOM,,
,,,ARDX,ESPR,,IONQ,,
,,,CVRX,BNAI,,AZ,,
,,,GWH,AGYS,,TARS,,
,,,TTD,CYBR,,NPCE,,
,,,CLGN,INTU,,TWST,,
,,,ILMN,RXST,,RNXT,,
,,,CDXS,LEU,,AXSM,,
,,,NTRB,AVGO,,DRIO,,
,,,SRDX,MNDY,,BRLS,,
,,,BLND,CRWD,,EAF,,
,,,SDGR,DUOL,,RXRX,,
,,,IONQ,NOW,,CLPT,,
,,,FEMY,TKNO,,PXLW,,
,,,APLS,VSEE,,AEVA,,
,,,JYNT,AEYE,,ESTA,,
,,,AGIO,TTD,,ASND,,
,,,IOVA,ESTC,,ZVRA,,
,,,MYO,BDSX,,JOBY,,
,,,CLBT,NTRA,,MSPR,,
,,,ALNY,MANH,,PI,,
,,,GTLB,ONON,,KULR,,
,,,GRND,TELA,,ELUT,,
,,,EAF,RBLX,,LVWR,,
,,,BBIO,VRNS,,PRCT,,
,,,APPN,GYRE,,NIXX,,
,,,CFLT,URG,,OPTT,,
,,,NET,JMIA,,ONDS,,
,,,GYRE,ALUR,,CNL,,
,,,IPWR,PLTR,,ALM,,
,,,MDB,NPCE,,GWH,,
,,,AIM,FOLD,,QBTS,,
,,,OCUL,SDGR,,LEXX,,
,,,VERI,NKTR,,BNAI,,
,,,MLP,HROW,,GH,,
,,,IOT,NET,,NFGC,,
,,,DUOT,SRPT,,TGTX,,
,,,KOPN,GWAV,,IONS,,
,,,NPCE,EAF,,BBIO,,
,,,AIP,IOVA,,OCUL,,
,,,PXLW,CRMD,,NEON,,
,,,WK,MYO,,AQST,,
,,,TARS,PXLW,,WRAP,,
,,,UEC,CLBT,,SCWO,,
,,,WING,SNOW,,NKTR,,
,,,TELA,BHST,,IMDX,,
,,,OESX,MGTX,,MLSS,,
,,,MDIA,ITRG,,NSPR,,
,,,MRNA,VUZI,,SPRY,,
,,,GKOS,PI,,XERS,,
,,,MVIS,MLP,,LNSR,,
,,,IMG,SOWG,,RCEL,,
,,,DMRC,LCID,,TVTX,,
,,,JOBY,SMTC,,VRNA,,
,,,RCEL,WK,,LNZA,,
,,,SPRY,WING,,NMTC,,
,,,RXRX,IOT,,WK,,
,,,ESTA,AZ,,INSM,,
,,,RXST,AIP,,ICCM,,
,,,XERS,CLGN,,LAZR,,
,,,MLEC,REE,,VUZI,,
,,,UP,EOLS,,MVIS,,
,,,PPTA,BRLS,,RARE,,
,,,IONS,BETR,,CYTK,,
,,,URG,TARS,,VGZ,,
,,,IGC,IPWR,,LQDA,,
,,,SERA,NSPR,,SENS,,
,,,BINI,IONQ,,SKE,,
,,,CHPT,KULR,,FEMY,,
,,,PCT,MSAI,,TRUG,,
,,,CRMD,GKOS,,WATT,,
,,,JMIA,NYXH,,MGTX,,
,,,AGEN,TWST,,IBRX,,
,,,MGNX,MLEC,,AIM,,
,,,SKE,OCUL,,TLSI,,
,,,TRUG,ALNY,,PHAT,,
,,,AXSM,MDB,,NN,,
,,,MDWD,DMRC,,OBIO,,
,,,LEXX,IGC,,BSLK,,
,,,STEM,LXRX,,GCTS,,
,,,RUM,RXRX,,COCH,,
,,,DRIO,ESTA,,VTAK,,
,,,ADCT,MTN,,DARE,,
,,,RARE,XERS,,QURE,,
,,,BRLS,GH,,HYMC,,
,,,CDZI,TRUG,,URGN,,
,,,GH,FEMY,,ITRM,,
,,,TWST,AXSM,,ONMD,,
,,,SCLX,MDGL,,LUCD,,
,,,VUZI,UP,,PGEN,,
,,,PRCT,JOBY,,PLUR,,
,,,MGTX,CHPT,,SHOT,,
,,,SLNO,ENVX,,SLN,,
,,,LNZA,XFOR,,,,
,,,MDGL,MDWD,,,,
,,,PROP,EVGN,,,,
,,,GERN,NTRB,,,,
,,,LVWR,CDZI,,,,
,,,ASND,AQST,,,,
,,,PAVM,STXS,,,,
,,,PSQH,PPTA,,,,
,,,NMTC,RCEL,,,,
,,,AIFF,DRIO,,,,
,,,NFGC,ADCT,,,,
,,,VERU,PSQH,,,,
,,,DCTH,ASND,,,,
,,,WRAP,OBIO,,,,
,,,VRTX,RUM,,,,
,,,ZTEK,PRCT,,,,
,,,OBIO,NFGC,,,,
,,,NEXM,LNZA,,,,
,,,ENVX,SERA,,,,
,,,KULR,LQDA,,,,
,,,LQDA,VGZ,,,,
,,,NN,LVWR,,,,
,,,EVGN,ABEO,,,,
,,,WKSP,AIM,,,,
,,,INSM,ZTEK,,,,
,,,VTAK,SPRY,,,,
,,,SCWO,IMDX,,,,
,,,TLSI,ERNA,,,,
,,,TTGT,PTCT,,,,
,,,IBRX,MSGS,,,,
,,,VRNA,PGEN,,,,
,,,COCH,INSM,,,,
,,,PGEN,NN,,,,
,,,WATT,TLSI,,,,
,,,AREC,RARE,,,,
,,,CLNN,QURE,,,,
,,,EOSE,LUCD,,,,
,,,FGEN,HRB,,,,
,,,SENS,AIFF,,,,
,,,LAZR,URGN,,,,
,,,HUMA,SLN,,,,
,,,ERNA,BBIO,,,,
,,,HYMC,PCT,,,,
,,,HYPD,CYTK,,,,
,,,QBTS,SCWO,,,,
,,,ONMD,TVTX,,,,
,,,PHAT,NVAX,,,,
,,,MCRB,GCTS,,,,
,,,NBY,IBRX,,,,
,,,,HYPD,,,,
,,,,COCH,,,,
,,,,SKE,,,,
,,,,WATT,,,,
,,,,HCWB,,,,
,,,,NTRP,,,,
,,,,CLNN,,,,
,,,,SHOT,,,,
,,,,PHAT,,,,
,,,,EOSE,,,,
,,,,HYMC,,,,
,,,,ONMD,,,,
,,,,QBTS,,,,
,,,,PLUR,,,,
,,,,VEEA,,,,
,,,,VRCA,,,,
